id,first_name,last_name,email,gender,ip_address,date_of_birth
1,Lyndsey,Broun,lbroun0@acquirethisname.com,Female,199.47.178.20,5/16/1981
2,Leann,Lefwich,llefwich1@apache.org,Female,216.159.222.71,3/25/1979
3,Ashley,Gribben,agribben2@biglobe.ne.jp,Male,58.23.196.16,12/31/1971
4,Elfrida,Fuggle,efuggle3@examiner.com,Female,45.77.243.253,9/4/1979
5,Alayne,Yong,ayong4@dagondesign.com,Female,6.217.175.223,3/27/1981
6,Susan,Pumfrett,spumfrett5@addthis.com,Female,67.3.108.21,8/7/1994
7,Patrizia,Peasey,ppeasey6@wordpress.org,Female,124.161.57.244,8/19/1990
8,Jasen,Ludewig,jludewig7@wix.com,Male,187.180.8.97,11/22/1983
9,Manolo,Wanden,mwanden8@elpais.com,Male,37.211.133.193,8/10/1971
10,Kylila,Porkiss,kporkiss9@amazon.de,Female,77.212.56.188,8/24/1967
11,Deedee,Crosher,dcroshera@mediafire.com,Female,255.238.102.111,11/30/1979
12,Austen,Andreini,aandreinib@berkeley.edu,Male,73.251.216.49,1/15/1973
13,Sven,Benyon,sbenyonc@youtu.be,Male,241.147.231.191,12/20/1968
14,Bliss,Bontine,bbontined@sohu.com,Female,171.49.22.73,11/12/1974
15,Flore,Thorley,fthorleye@vinaora.com,Female,93.243.152.248,7/12/1975
16,Silvanus,Sainter,ssainterf@google.es,Male,248.123.116.88,5/29/1973
17,Nicholas,Roelvink,nroelvinkg@newyorker.com,Male,167.93.229.4,4/21/1984
18,Annabell,Galpin,agalpinh@fda.gov,,224.124.95.28,10/14/1992
19,Emmy,Titchener,etitcheneri@wp.com,Male,105.203.8.86,2/29/1968
20,Davin,Clempton,dclemptonj@mlb.com,Male,203.150.106.126,12/3/1976
21,Windy,McConigal,wmcconigalk@google.cn,Female,111.166.247.147,3/23/1988
22,Mureil,Sember,msemberl@java.com,Female,8.126.137.148,9/3/1980
23,Rex,Gepson,rgepsonm@imageshack.us,Male,224.10.222.1,11/7/1988
24,Rozina,Inchcomb,rinchcombn@ucsd.edu,Female,126.67.2.230,4/15/1968
25,Ronny,Peggram,rpeggramo@cdbaby.com,Female,62.238.25.190,7/4/1983
26,Penny,Rummin,prumminp@alibaba.com,Female,109.6.108.217,8/22/1971
27,Dagmar,Sommerville,dsommervilleq@eepurl.com,Female,87.104.249.189,2/27/1993
28,Wilfrid,Harris,wharrisr@auda.org.au,Male,156.93.161.188,12/24/1988
29,Caresse,Kasman,ckasmans@cloudflare.com,Female,23.196.64.3,11/4/1986
30,Adrien,Baumaier,abaumaiert@engadget.com,,11.124.14.123,11/14/1988
31,Gibbie,Vose,gvoseu@dion.ne.jp,Male,210.199.20.143,11/27/1993
32,Cassondra,Borham,cborhamv@artisteer.com,Female,88.243.6.216,12/29/1978
33,Shaun,Biddleston,sbiddlestonw@purevolume.com,Female,144.71.207.194,5/11/1978
34,Adiana,Deeprose,adeeprosex@webs.com,Female,235.17.238.213,11/20/1980
35,Marthe,Elloway,mellowayy@baidu.com,Female,29.98.190.136,10/6/1983
36,Mora,Hagyard,mhagyardz@skyrock.com,Female,44.65.20.185,
37,Cherianne,Rollinson,crollinson10@hexun.com,Female,121.255.201.251,
38,Lorrin,Spensley,lspensley11@surveymonkey.com,Female,20.129.194.217,3/21/1968
39,Remington,Breese,rbreese12@howstuffworks.com,Male,61.168.18.100,5/17/1987
40,Jedd,Haylands,jhaylands13@nhs.uk,Male,138.96.211.227,5/26/1970
41,Jacqueline,Singers,jsingers14@creativecommons.org,Female,211.102.46.61,10/12/1977
42,Ami,Reckless,areckless15@canalblog.com,Female,201.220.241.68,12/1/1976
43,Lanie,Garnett,lgarnett16@howstuffworks.com,Male,240.47.88.227,5/13/1967
44,Freddie,Utting,futting17@cloudflare.com,Male,63.192.166.132,7/26/1983
45,Katuscha,Dearan,kdearan18@jiathis.com,Female,162.59.135.183,4/24/1988
46,Fransisco,Slorance,fslorance19@shinystat.com,Male,251.236.239.250,8/29/1983
47,Rafaello,Kearsley,rkearsley1a@yellowpages.com,Male,126.212.93.246,3/15/1984
48,Ardelis,Reilingen,areilingen1b@sakura.ne.jp,Female,227.40.73.191,10/10/1990
49,Auria,Wollard,awollard1c@arizona.edu,Female,96.216.97.215,3/30/1975
50,Zora,Pinsent,zpinsent1d@quantcast.com,Female,250.201.105.65,9/29/1987
51,Tressa,Sheed,tsheed1e@archive.org,Female,133.6.160.232,10/27/1970
52,Onfre,Kinny,okinny1f@shareasale.com,Male,9.97.206.57,7/13/1974
53,Zelda,Beeden,zbeeden1g@narod.ru,Female,129.213.16.124,11/12/1980
54,Chadd,Bazely,cbazely1h@eepurl.com,Male,236.50.172.177,9/10/1969
55,Antoni,Fenn,afenn1i@prlog.org,Male,111.116.177.79,8/21/1975
56,Cosette,Rumbellow,crumbellow1j@yahoo.com,Female,177.112.172.141,1/24/1986
57,Winn,Grover,wgrover1k@psu.edu,Male,149.251.215.224,11/5/1990
58,Aili,Grzelczyk,agrzelczyk1l@baidu.com,Female,228.83.250.203,9/22/1974
59,Lyn,Blaymires,lblaymires1m@ca.gov,Female,18.124.82.29,3/12/1972
60,Antoine,Gomme,agomme1n@blogs.com,Male,64.178.57.174,1/28/1990
61,Dorie,Radmer,dradmer1o@barnesandnoble.com,Female,146.48.233.114,6/3/1969
62,Vinni,Spilisy,vspilisy1p@cyberchimps.com,Female,161.185.106.192,9/8/1977
63,Lothario,Mundow,lmundow1q@ask.com,Male,11.93.50.68,2/7/1973
64,Prentice,Logie,plogie1r@weather.com,Male,179.69.239.239,10/8/1991
65,Daniel,Vanyakin,dvanyakin1s@domainmarket.com,Male,174.186.53.93,12/10/1976
66,Tanney,Sollam,tsollam1t@newsvine.com,Male,24.147.199.102,12/24/1988
67,Ashla,Adrienne,aadrienne1u@phoca.cz,Female,83.207.202.255,7/19/1974
68,Bruno,Purtell,bpurtell1v@usatoday.com,Male,229.137.232.250,1/6/1967
69,Arther,Middle,amiddle1w@liveinternet.ru,Male,145.70.20.30,3/7/1976
70,Erny,Ashman,eashman1x@histats.com,Male,21.168.94.179,1/29/1975
71,Vinnie,Cowpertwait,vcowpertwait1y@virginia.edu,Female,44.33.62.250,4/26/1967
72,Bancroft,Howsan,bhowsan1z@telegraph.co.uk,Male,75.67.19.42,4/21/1990
73,Odille,Ollenbuttel,oollenbuttel20@weather.com,Female,94.119.103.134,12/4/1989
74,Josefina,Tenniswood,jtenniswood21@so-net.ne.jp,Female,23.163.25.145,8/28/1985
75,Heywood,Dible,hdible22@businessweek.com,Male,108.20.188.172,10/14/1988
76,Jacques,Asp,jasp23@ezinearticles.com,Male,229.58.218.207,4/12/1979
77,Katalin,Westby,kwestby24@geocities.com,Female,80.67.54.192,3/3/1979
78,Shaine,Cornell,scornell25@behance.net,Male,184.150.51.34,11/2/1992
79,Lil,Burstowe,lburstowe26@ameblo.jp,,98.44.70.163,6/25/1986
80,Susannah,Winspurr,swinspurr27@sohu.com,Female,28.171.253.166,
81,Luella,Cannan,lcannan28@prnewswire.com,Female,98.172.202.32,9/11/1978
82,Pepi,Waddington,pwaddington29@cornell.edu,Female,210.89.69.236,10/30/1970
83,Gib,Osan,gosan2a@ovh.net,Male,197.54.122.65,6/14/1974
84,Cally,Fredson,cfredson2b@altervista.org,Female,195.99.78.113,1/14/1972
85,Amanda,Sign,asign2c@infoseek.co.jp,Female,158.165.95.11,2/7/1976
86,Konstanze,Kemmis,kkemmis2d@moonfruit.com,Female,179.170.124.81,8/22/1980
87,Antonella,Slyman,aslyman2e@github.io,Female,105.150.214.254,4/26/1967
88,Gustav,Oldred,goldred2f@netvibes.com,Male,124.63.196.161,4/10/1967
89,Dominick,Rahl,drahl2g@aol.com,Male,95.243.108.198,
90,Say,Moodey,smoodey2h@blogspot.com,Male,76.95.118.246,8/28/1991
91,Iggie,De Blasiis,ideblasiis2i@unesco.org,Male,132.162.187.64,3/15/1980
92,Gustavus,Guillet,gguillet2j@simplemachines.org,Male,83.1.202.190,8/18/1985
93,Orton,Lamlin,olamlin2k@youtu.be,Male,191.232.111.173,2/11/1994
94,Papageno,Rawlyns,prawlyns2l@gmpg.org,Male,38.125.3.110,10/17/1975
95,Carmina,Gout,cgout2m@uiuc.edu,Female,164.19.113.124,5/18/1982
96,Bethina,Bettles,bbettles2n@accuweather.com,Female,79.93.189.176,5/17/1977
97,Stillman,Wyles,swyles2o@spotify.com,Male,117.156.228.142,7/21/1979
98,Gav,Maffey,gmaffey2p@acquirethisname.com,Male,213.215.208.201,8/19/1984
99,Trumann,Coffin,tcoffin2q@discovery.com,Male,72.186.80.103,10/1/1982
100,Nora,Copelli,ncopelli2r@biblegateway.com,Female,45.250.40.21,2/16/1983
101,Udall,Benedtti,ubenedtti2s@qq.com,Male,82.244.14.117,3/21/1979
102,Alicia,Lemmers,alemmers2t@ifeng.com,Female,84.202.135.227,3/22/1993
103,Roddie,Postlewhite,rpostlewhite2u@mysql.com,Male,110.199.65.1,6/29/1980
104,Lavinie,Aloshikin,laloshikin2v@va.gov,Female,165.169.131.119,10/13/1969
105,Nester,Eighteen,neighteen2w@jigsy.com,Male,145.253.129.117,8/13/1982
106,Tammy,Kliment,tkliment2x@mayoclinic.com,Male,247.4.146.171,5/10/1971
107,Darcy,Keay,dkeay2y@china.com.cn,Female,130.31.27.242,8/11/1981
108,Min,Purrier,mpurrier2z@homestead.com,Female,156.50.83.8,12/7/1966
109,Van,Karolewski,vkarolewski30@mozilla.org,Male,252.74.74.97,9/10/1968
110,Giacinta,Rowntree,growntree31@mtv.com,Female,239.194.121.57,3/13/1978
111,Christean,Biaggioli,cbiaggioli32@xinhuanet.com,Female,162.165.37.65,4/1/1991
112,Maighdiln,Robel,mrobel33@ehow.com,Female,82.178.243.223,9/22/1994
113,Tobin,Filchakov,tfilchakov34@privacy.gov.au,Male,245.185.108.109,12/5/1987
114,Misha,Slixby,mslixby35@mail.ru,Female,240.171.169.99,11/5/1968
115,Laurie,Wallsam,lwallsam36@phoca.cz,Female,6.70.233.188,6/5/1985
116,Quinta,Osan,qosan37@yale.edu,Female,100.89.180.126,7/18/1974
117,Malvina,McGoldrick,mmcgoldrick38@slashdot.org,,3.224.104.63,6/11/1994
118,Paulette,Habishaw,phabishaw39@time.com,Female,131.45.153.214,5/31/1975
119,Caspar,Mityashev,cmityashev3a@craigslist.org,Male,158.119.62.101,2/6/1993
120,Elmer,Loudwell,eloudwell3b@yale.edu,Male,193.242.124.232,3/17/1981
121,Yorgo,Lescop,ylescop3c@booking.com,Male,88.228.208.68,8/7/1981
122,Lucho,Bogges,lbogges3d@boston.com,Male,121.97.64.199,9/26/1978
123,Enoch,Chadburn,echadburn3e@cpanel.net,Male,78.3.57.246,10/24/1967
124,Winonah,Andreassen,wandreassen3f@thetimes.co.uk,Female,18.54.232.115,12/26/1967
125,Ellene,Witter,ewitter3g@theatlantic.com,Female,132.173.114.99,9/13/1990
126,Merill,Stickins,mstickins3h@walmart.com,Male,74.198.44.232,12/5/1979
127,Virginie,Penni,vpenni3i@google.ru,Female,217.187.58.121,9/1/1978
128,Lulu,Camolli,lcamolli3j@creativecommons.org,Female,178.190.188.190,2/28/1974
129,Boony,Peppard,bpeppard3k@com.com,Male,107.34.131.233,
130,Waylin,Ciccerale,wciccerale3l@fastcompany.com,Male,234.136.84.188,
131,Egon,Jordan,ejordan3m@delicious.com,Male,95.181.57.209,6/8/1974
132,Anson,Boniface,aboniface3n@wp.com,Male,97.246.102.231,4/24/1989
133,Johnette,Dartnell,jdartnell3o@rakuten.co.jp,Female,234.93.177.186,5/2/1992
134,Minda,Weedall,mweedall3p@irs.gov,Female,44.172.147.113,9/20/1972
135,Frank,Eam,feam3q@tiny.cc,Female,139.128.148.64,10/29/1994
136,Iago,Ratlee,iratlee3r@alexa.com,Male,40.84.114.106,1/25/1989
137,Kamillah,Geleman,kgeleman3s@wikipedia.org,Female,156.188.194.111,12/18/1970
138,Eliza,Olifard,eolifard3t@a8.net,Female,8.129.189.106,5/14/1990
139,Ardyth,Looney,alooney3u@hao123.com,Female,194.58.182.245,11/25/1988
140,Burnaby,Bownd,bbownd3v@archive.org,Male,97.177.108.140,
141,Esmeralda,Burditt,eburditt3w@alexa.com,Female,74.63.64.159,9/2/1985
142,Barbra,Blakeborough,bblakeborough3x@alibaba.com,Female,71.110.54.105,3/14/1974
143,Valaree,Willingam,vwillingam3y@163.com,Female,232.240.137.9,9/24/1986
144,Eleen,Murricanes,emurricanes3z@mozilla.org,Female,196.132.192.36,3/17/1974
145,Giffard,Agiolfinger,gagiolfinger40@vimeo.com,Male,123.98.61.15,6/25/1976
146,Sammy,Dawbury,sdawbury41@boston.com,Female,94.190.104.93,1/28/1977
147,Sianna,McCart,smccart42@tuttocitta.it,Female,47.244.186.89,4/1/1991
148,Oby,Walklett,owalklett43@sourceforge.net,Male,19.91.6.46,2/1/1989
149,Nichole,Doddemeade,ndoddemeade44@wisc.edu,Female,135.54.122.191,4/9/1988
150,Georgeta,Fackney,gfackney45@geocities.jp,Female,101.131.139.90,7/3/1974
151,Robin,Joncic,rjoncic46@themeforest.net,Male,206.213.116.130,4/27/1983
152,Elijah,Robilliard,erobilliard47@digg.com,Male,252.64.191.87,12/23/1989
153,Alexis,Bebis,abebis48@goo.gl,Male,51.187.201.113,5/22/1987
154,Phylys,Mainstone,pmainstone49@nbcnews.com,Female,97.242.99.7,8/10/1985
155,Gaylord,Brayn,gbrayn4a@51.la,Male,33.192.156.161,2/13/1992
156,Barrie,Retchford,bretchford4b@bing.com,Female,41.236.88.211,2/4/1980
157,Jacquette,Atley,jatley4c@seesaa.net,Female,87.191.243.242,
158,Emelia,Beminster,ebeminster4d@cdc.gov,Female,221.134.85.102,6/25/1994
159,Mile,Bracci,mbracci4e@patch.com,Male,143.168.189.7,6/21/1986
160,Andris,Haster,ahaster4f@edublogs.org,Male,215.100.203.51,8/20/1984
161,Sib,Logie,slogie4g@jiathis.com,Female,14.197.194.100,5/1/1985
162,Jeremie,Marages,jmarages4h@npr.org,Male,10.94.55.84,7/7/1986
163,Feodor,Shark,fshark4i@ucla.edu,Male,111.186.52.212,12/29/1973
164,Juli,Kestian,jkestian4j@bravesites.com,Female,44.29.238.3,6/4/1967
165,Brandise,Casajuana,bcasajuana4k@vinaora.com,Female,52.213.77.168,8/8/1994
166,Darlleen,Haug,dhaug4l@uiuc.edu,Female,144.168.68.152,3/9/1989
167,Jarid,Weldrake,jweldrake4m@wikispaces.com,Male,1.203.145.90,1/5/1973
168,Darbee,Deeson,ddeeson4n@skyrock.com,Male,158.174.156.11,11/14/1986
169,Barrie,Mc Meekin,bmcmeekin4o@tiny.cc,Female,236.16.217.113,4/21/1984
170,Artemas,Menlove,amenlove4p@japanpost.jp,Male,214.230.162.190,4/11/1986
171,Sasha,Rudram,srudram4q@amazonaws.com,Male,31.225.176.51,4/1/1994
172,Eliza,Aylen,eaylen4r@friendfeed.com,Female,90.247.181.37,3/17/1984
173,Magdaia,Wilcocke,mwilcocke4s@yandex.ru,Female,218.101.222.121,12/16/1966
174,Gerald,Tzuker,gtzuker4t@rediff.com,Male,223.187.192.9,9/29/1992
175,Beck,Foxworthy,bfoxworthy4u@behance.net,Male,124.87.234.147,7/1/1976
176,Woody,Monument,wmonument4v@linkedin.com,Male,53.157.66.206,2/15/1990
177,Bessie,Richardes,brichardes4w@chron.com,Female,99.114.106.49,1/28/1985
178,Quintus,Hucke,qhucke4x@springer.com,Male,23.94.9.213,7/3/1979
179,Enrica,Kenset,ekenset4y@spotify.com,,72.54.221.78,11/14/1973
180,Felicdad,Twentyman,ftwentyman4z@typepad.com,Female,242.200.254.253,
181,Jaquenetta,Highnam,jhighnam50@amazonaws.com,Female,49.53.219.204,8/24/1993
182,Demeter,Quinton,dquinton51@mediafire.com,Female,112.154.17.112,6/4/1985
183,Pooh,Dury,pdury52@t-online.de,Female,190.175.32.168,7/29/1968
184,Elita,Eddy,eeddy53@flickr.com,Female,104.32.4.111,9/14/1983
185,Drona,Aveson,daveson54@vk.com,Female,63.6.148.50,9/8/1971
186,Hermon,Pedrick,hpedrick55@issuu.com,Male,251.235.215.213,4/27/1978
187,Gilberta,Amorts,gamorts56@upenn.edu,,203.157.113.139,9/3/1994
188,Lynnell,Bagguley,lbagguley57@reference.com,Female,64.43.188.77,3/20/1973
189,Essie,McKew,emckew58@foxnews.com,Female,10.121.195.175,3/9/1970
190,Bondie,MacRirie,bmacririe59@upenn.edu,Male,83.69.93.97,12/12/1967
191,Corbie,Vandrill,cvandrill5a@google.com,Male,66.102.192.195,11/17/1980
192,Theresita,Lambregts,tlambregts5b@newyorker.com,,198.119.86.134,12/6/1988
193,Dede,Nicklen,dnicklen5c@soup.io,Female,240.172.185.71,3/22/1976
194,Jess,Wedgbrow,jwedgbrow5d@goodreads.com,Female,199.186.188.71,4/16/1980
195,Tine,Goodbarr,tgoodbarr5e@newyorker.com,Female,175.201.88.47,10/19/1990
196,Malissia,Ballance,mballance5f@seesaa.net,Female,140.51.14.122,5/8/1970
197,Zacharie,Worboys,zworboys5g@merriam-webster.com,Male,194.20.13.2,
198,Leisha,Ingree,lingree5h@creativecommons.org,Female,9.116.103.57,4/1/1976
199,Miquela,Castelijn,mcastelijn5i@nature.com,Female,176.67.239.86,11/6/1984
200,Barny,Klambt,bklambt5j@nyu.edu,Male,151.76.127.112,3/31/1968
201,Dell,Pomphrett,dpomphrett5k@mozilla.com,Male,238.53.84.103,10/27/1987
202,Che,Asey,casey5l@newyorker.com,Male,40.1.38.244,3/22/1981
203,Patricio,Gauford,pgauford5m@taobao.com,Male,163.112.113.80,10/29/1980
204,Meta,Argyle,margyle5n@admin.ch,Female,116.226.186.228,4/15/1971
205,Deny,Coult,dcoult5o@wisc.edu,Female,210.114.150.162,1/22/1990
206,Gus,Bolesma,gbolesma5p@wikia.com,Male,90.224.117.20,4/20/1969
207,Sammie,Lawlor,slawlor5q@vkontakte.ru,Male,146.63.246.245,2/5/1986
208,Brewer,Doblin,bdoblin5r@ibm.com,Male,186.30.206.37,11/8/1967
209,Maribelle,Curado,mcurado5s@wix.com,Female,55.164.116.104,5/16/1976
210,Kare,Mewis,kmewis5t@apache.org,Female,191.172.138.47,7/29/1971
211,Fernando,Durtnel,fdurtnel5u@homestead.com,Male,32.233.228.87,2/4/1991
212,Pammie,Conman,pconman5v@globo.com,Female,235.90.62.171,9/15/1983
213,Aubert,Meert,ameert5w@imageshack.us,Male,43.165.104.122,4/16/1989
214,Warner,Klehn,wklehn5x@technorati.com,Male,28.158.70.51,12/14/1970
215,Hedvige,McCray,hmccray5y@multiply.com,Female,199.136.116.146,2/25/1986
216,Felipe,Cavill,fcavill5z@flavors.me,Male,195.142.174.197,3/22/1974
217,Suzanna,Cufley,scufley60@i2i.jp,Female,3.110.228.94,12/18/1979
218,Obed,Danieli,odanieli61@gizmodo.com,Male,5.149.66.151,4/15/1992
219,Gideon,Braune,gbraune62@weather.com,Male,7.175.34.97,1/9/1975
220,Robin,Canaan,rcanaan63@barnesandnoble.com,Female,50.138.170.35,12/9/1979
221,Patin,Collister,pcollister64@huffingtonpost.com,Male,43.44.108.40,7/5/1982
222,Ramonda,Kalinke,rkalinke65@tamu.edu,Female,46.208.194.26,7/28/1989
223,Gib,Braybrooke,gbraybrooke66@prweb.com,Male,182.227.53.93,
224,Luella,Richardon,lrichardon67@joomla.org,Female,205.173.58.119,11/29/1979
225,Stephana,Belt,sbelt68@bloglines.com,Female,181.136.130.199,7/29/1987
226,Bessy,Edgcombe,bedgcombe69@youtube.com,Female,223.128.94.198,12/1/1989
227,Melina,Hebble,mhebble6a@abc.net.au,Female,146.96.238.252,11/12/1988
228,Vincent,Tugman,vtugman6b@nyu.edu,Male,193.40.90.60,4/7/1967
229,Noami,Woodyer,nwoodyer6c@deliciousdays.com,Female,102.69.17.146,11/11/1989
230,Consuela,Woffinden,cwoffinden6d@csmonitor.com,Female,139.38.106.219,5/16/1976
231,Llywellyn,Dring,ldring6e@thetimes.co.uk,Male,68.78.90.185,7/5/1990
232,Rafaelia,Rarity,rrarity6f@ftc.gov,Female,50.218.249.91,2/28/1975
233,Yvor,Mewe,ymewe6g@zimbio.com,Male,44.100.29.76,9/13/1976
234,Brendan,Davana,bdavana6h@apple.com,Male,82.143.29.122,8/22/1973
235,Zena,Winthrop,zwinthrop6i@google.es,Female,139.126.62.28,11/17/1986
236,Tann,Reilingen,treilingen6j@guardian.co.uk,Male,227.209.118.83,10/31/1967
237,Bevvy,Shenfisch,bshenfisch6k@uol.com.br,Female,214.179.111.151,8/19/1989
238,Edd,D'Ugo,edugo6l@pinterest.com,Male,213.141.118.202,9/16/1972
239,Wally,Cella,wcella6m@fotki.com,Female,239.75.5.180,12/21/1988
240,Halley,Twopenny,htwopenny6n@buzzfeed.com,Female,225.121.248.0,12/14/1989
241,Brew,Everington,beverington6o@cbc.ca,Male,108.168.142.37,5/19/1977
242,Eli,McGeaney,emcgeaney6p@house.gov,Male,117.148.131.73,
243,Merry,Scrivener,mscrivener6q@aol.com,Female,243.144.128.215,7/24/1974
244,Livvyy,Tabour,ltabour6r@smh.com.au,Female,205.189.223.206,7/3/1981
245,Riobard,Mileham,rmileham6s@webnode.com,Male,30.12.227.252,3/20/1971
246,Angy,Alen,aalen6t@linkedin.com,Female,50.40.193.135,4/13/1983
247,Ivor,Sneller,isneller6u@examiner.com,Male,177.151.32.19,8/23/1970
248,Janaya,Magwood,jmagwood6v@bbc.co.uk,Female,52.169.90.85,4/23/1977
249,Row,Busby,rbusby6w@geocities.jp,Female,255.37.246.24,10/16/1992
250,Larine,Slimme,lslimme6x@edublogs.org,Female,163.168.201.3,8/18/1985
251,Maurise,Toon,mtoon6y@infoseek.co.jp,Male,249.247.159.0,1/17/1994
252,Nichole,Chuter,nchuter6z@plala.or.jp,Female,102.203.49.201,7/25/1968
253,Sue,Douglas,sdouglas70@home.pl,Female,144.37.124.238,12/7/1978
254,Wernher,Woodger,wwoodger71@barnesandnoble.com,Male,46.208.11.110,6/7/1974
255,Joby,Aggott,jaggott72@unblog.fr,Female,129.62.157.52,5/16/1989
256,Zilvia,Shirland,zshirland73@ft.com,Female,31.160.63.227,5/1/1993
257,Lilas,Hurton,lhurton74@upenn.edu,Female,176.242.53.64,3/7/1987
258,Sheba,Falkus,sfalkus75@ebay.com,Female,180.171.156.62,5/15/1991
259,Ransom,Volke,rvolke76@geocities.jp,Male,32.223.36.132,5/25/1993
260,Geno,Lusk,glusk77@ox.ac.uk,Male,63.214.110.8,2/4/1969
261,Cleveland,Duddle,cduddle78@shinystat.com,Male,207.218.35.41,5/17/1983
262,Gerry,Haddeston,ghaddeston79@howstuffworks.com,,53.227.99.60,5/25/1979
263,Lonnie,Kinahan,lkinahan7a@diigo.com,Male,55.5.189.17,12/12/1973
264,Kissie,Hanburry,khanburry7b@vkontakte.ru,Female,228.49.89.254,7/9/1975
265,Ingamar,Hoyt,ihoyt7c@bloglines.com,Male,185.13.103.2,4/28/1970
266,Dael,Shillinglaw,dshillinglaw7d@edublogs.org,Female,30.161.169.200,9/6/1991
267,Almira,Herion,aherion7e@google.com.br,Female,232.168.218.120,2/21/1972
268,Phedra,Asman,pasman7f@nasa.gov,,12.130.140.236,9/9/1970
269,Jamill,Sharpless,jsharpless7g@icio.us,Male,89.177.222.124,7/4/1975
270,Jonie,Pahlsson,jpahlsson7h@ucla.edu,Female,205.176.4.59,
271,Veda,Legister,vlegister7i@wunderground.com,Female,73.143.79.82,11/26/1976
272,Jeana,D'Ambrogi,jdambrogi7j@hc360.com,,0.91.153.145,9/11/1973
273,Marthe,Teal,mteal7k@baidu.com,Female,16.46.189.193,9/22/1993
274,Laureen,Hadgkiss,lhadgkiss7l@wikispaces.com,Female,27.65.192.115,2/1/1974
275,Marshall,Toms,mtoms7m@nps.gov,Male,184.64.43.85,10/6/1972
276,Barrie,Filasov,bfilasov7n@artisteer.com,Male,148.240.15.215,12/6/1973
277,Nanice,Anyene,nanyene7o@stumbleupon.com,Female,231.0.71.191,7/1/1976
278,Josey,Alvarado,jalvarado7p@ed.gov,Female,86.214.164.137,12/13/1988
279,Emogene,Tubridy,etubridy7q@sfgate.com,Female,228.186.237.56,5/13/1985
280,Cindi,Cranefield,ccranefield7r@paypal.com,Female,52.66.18.161,9/18/1973
281,Dari,Sealeaf,dsealeaf7s@vimeo.com,Female,192.12.249.71,4/16/1982
282,Gawain,Pena,gpena7t@wisc.edu,Male,127.32.206.157,8/11/1976
283,Arden,Kramer,akramer7u@foxnews.com,Female,42.2.18.69,12/22/1983
284,Dell,Norcliff,dnorcliff7v@ibm.com,Female,199.29.85.208,4/16/1982
285,Cynde,Conman,cconman7w@sakura.ne.jp,,197.215.183.184,2/19/1968
286,Rivalee,Windas,rwindas7x@pen.io,Female,94.107.17.227,1/2/1992
287,Minta,Barajas,mbarajas7y@archive.org,Female,201.176.60.116,5/22/1980
288,Joel,Hritzko,jhritzko7z@foxnews.com,,204.193.164.187,6/9/1992
289,Ab,Vedyaev,avedyaev80@forbes.com,,203.212.60.166,2/6/1993
290,Ulrich,Parnby,uparnby81@arstechnica.com,Male,84.198.140.82,7/16/1988
291,Geordie,Gatrell,ggatrell82@accuweather.com,Male,149.230.209.236,12/4/1990
292,Rodrick,Fattorini,rfattorini83@reuters.com,Male,251.105.54.54,1/24/1976
293,Roscoe,Scanes,rscanes84@prweb.com,Male,44.110.141.136,4/29/1977
294,Aron,Dabnot,adabnot85@deviantart.com,,151.127.172.145,12/19/1984
295,Regina,Allwood,rallwood86@bloglovin.com,Female,109.147.184.102,1/2/1979
296,Alfonse,Balderston,abalderston87@wikimedia.org,Male,98.25.137.188,5/27/1976
297,Roana,Janus,rjanus88@soup.io,Female,89.98.140.80,2/10/1971
298,Jess,Randlesome,jrandlesome89@mayoclinic.com,Male,31.233.167.238,1/6/1969
299,Catina,Lebbern,clebbern8a@mashable.com,Female,144.112.54.21,6/4/1972
300,Fedora,Bernardino,fbernardino8b@un.org,Female,141.88.81.68,1/28/1975
301,Al,Dieton,adieton8c@twitter.com,,161.110.139.196,6/20/1978
302,Abby,Tossell,atossell8d@omniture.com,Female,34.229.157.84,7/20/1988
303,Toddie,Riglesford,triglesford8e@google.ru,Male,62.117.197.212,4/24/1974
304,Ynez,Brewis,ybrewis8f@marketwatch.com,Female,71.116.138.242,8/6/1980
305,Illa,McGuffog,imcguffog8g@mail.ru,Female,8.22.241.61,6/21/1989
306,Kassia,Lawless,klawless8h@behance.net,Female,90.171.17.16,4/28/1968
307,Brannon,Ligertwood,bligertwood8i@cisco.com,Male,44.54.229.14,11/20/1976
308,Ambrosio,Renison,arenison8j@wikia.com,Male,106.73.4.6,4/8/1981
309,Karine,Dahlback,kdahlback8k@jalbum.net,Female,208.219.55.64,12/20/1979
310,Cece,Purser,cpurser8l@harvard.edu,Male,152.125.45.69,9/19/1967
311,Cosetta,Moff,cmoff8m@wisc.edu,Female,233.31.10.75,4/22/1980
312,Perren,Loude,ploude8n@google.com,Male,204.178.187.254,6/26/1981
313,Ellwood,Mervyn,emervyn8o@acquirethisname.com,Male,163.102.5.245,11/12/1972
314,Melisenda,Killoran,mkilloran8p@deviantart.com,Female,41.173.70.164,12/31/1986
315,Dalila,Mattiessen,dmattiessen8q@paypal.com,Female,163.150.212.248,9/17/1974
316,Troy,Calbrathe,tcalbrathe8r@wordpress.com,Male,218.212.22.98,11/14/1984
317,York,Binny,ybinny8s@ow.ly,Male,252.225.3.119,10/17/1986
318,Dolli,Ivshin,divshin8t@ucla.edu,Female,102.44.145.107,3/13/1987
319,Courtnay,Sergent,csergent8u@mayoclinic.com,Male,145.200.176.109,6/13/1994
320,Mallory,Ogelbe,mogelbe8v@reuters.com,Female,228.81.34.77,9/24/1991
321,Tommie,Willshaw,twillshaw8w@reference.com,Female,212.129.135.242,5/24/1981
322,Tiebout,Roswarne,troswarne8x@opensource.org,Male,226.13.149.241,8/5/1984
323,Marcos,Arnaudot,marnaudot8y@merriam-webster.com,Male,51.220.63.137,5/20/1979
324,Koral,Skotcher,kskotcher8z@quantcast.com,,103.238.119.75,8/13/1967
325,Lilian,Berndt,lberndt90@cdbaby.com,Female,97.185.240.2,7/1/1967
326,Adrianne,Woan,awoan91@msu.edu,Female,36.171.179.239,4/9/1972
327,Benoit,McShane,bmcshane92@rediff.com,Male,55.98.61.237,12/29/1990
328,Annetta,Pinare,apinare93@mysql.com,Female,224.225.134.231,8/15/1976
329,Charmion,Maddy,cmaddy94@about.com,Female,68.93.244.208,8/19/1971
330,Rhodie,Walasik,rwalasik95@bloglines.com,Female,67.136.147.162,1/19/1968
331,Thorsten,Trevillion,ttrevillion96@friendfeed.com,Male,192.47.194.83,10/10/1987
332,Waldo,Ceeley,wceeley97@plala.or.jp,Male,215.134.172.16,8/6/1967
333,Colby,Long,clong98@google.co.uk,Male,213.225.132.214,5/22/1990
334,Earvin,Fardy,efardy99@usatoday.com,Male,143.4.102.206,4/20/1990
335,Taddeo,Lafferty,tlafferty9a@cnet.com,Male,202.228.122.145,5/7/1969
336,Viviene,Silley,vsilley9b@delicious.com,Female,239.170.190.55,3/14/1969
337,Tracey,Spilsbury,tspilsbury9c@tumblr.com,Male,198.207.144.6,5/9/1986
338,Corrie,Jales,cjales9d@trellian.com,Male,18.84.78.101,7/2/1993
339,Nelia,Zanettini,nzanettini9e@instagram.com,Female,79.220.182.137,8/31/1979
340,Marnia,Vasyukhichev,mvasyukhichev9f@so-net.ne.jp,Female,253.76.167.1,2/8/1979
341,Harwilll,Arnold,harnold9g@time.com,Male,28.189.184.98,1/1/1969
342,Latisha,Falls,lfalls9h@europa.eu,Female,125.147.27.69,8/13/1976
343,Dimitri,Durnell,ddurnell9i@patch.com,Male,52.154.91.25,12/10/1966
344,Michel,Charte,mcharte9j@theatlantic.com,Female,194.132.45.225,10/26/1983
345,Genni,Von Salzberg,gvonsalzberg9k@joomla.org,Female,181.115.61.224,9/19/1979
346,Verla,Damerell,vdamerell9l@mit.edu,Female,63.131.143.245,6/14/1969
347,Gabriele,Kupec,gkupec9m@webnode.com,Male,185.119.107.217,10/4/1973
348,Patton,Grayson,pgrayson9n@nyu.edu,Male,159.175.111.132,9/12/1968
349,Thaddeus,Henmarsh,thenmarsh9o@barnesandnoble.com,Male,105.11.130.60,
350,Yvette,Connar,yconnar9p@cbslocal.com,Female,66.32.142.216,12/14/1991
351,Emma,Yeandel,eyeandel9q@webeden.co.uk,Female,46.202.107.60,2/2/1990
352,Zach,Jacobsen,zjacobsen9r@umn.edu,Male,91.215.78.116,9/6/1981
353,Sioux,Elvidge,selvidge9s@un.org,Female,54.184.245.186,1/12/1990
354,Emily,Delhanty,edelhanty9t@nps.gov,Female,25.185.185.154,10/18/1973
355,Lorelei,Carlile,lcarlile9u@china.com.cn,Female,190.226.72.2,6/11/1974
356,Jammal,Fardy,jfardy9v@amazon.co.uk,Male,140.94.61.210,11/7/1967
357,Randolf,Cursey,rcursey9w@house.gov,Male,235.31.214.137,6/18/1991
358,Isadora,Wombwell,iwombwell9x@cafepress.com,Female,249.239.248.243,12/26/1975
359,Kele,Brann,kbrann9y@archive.org,Male,44.152.231.56,4/22/1969
360,Alejandro,Tytler,atytler9z@people.com.cn,Male,108.255.185.149,12/6/1990
361,Valry,Ellens,vellensa0@google.de,Female,70.37.107.75,4/25/1971
362,Kermit,Dabinett,kdabinetta1@netvibes.com,Male,197.55.216.125,
363,Mikel,Badsey,mbadseya2@blogspot.com,Male,18.174.148.181,7/16/1967
364,Herschel,Noads,hnoadsa3@businesswire.com,Male,121.247.249.179,3/15/1967
365,Deeyn,Hadgkiss,dhadgkissa4@free.fr,Female,63.44.26.201,3/22/1973
366,Lucian,Haxley,lhaxleya5@posterous.com,Male,13.177.174.39,4/11/1969
367,Frazier,Clink,fclinka6@studiopress.com,Male,51.85.114.112,3/26/1984
368,Paddie,O'Brian,pobriana7@dedecms.com,Male,178.119.187.228,1/16/1969
369,Vern,Brymham,vbrymhama8@paypal.com,Male,71.31.104.245,10/21/1984
370,Carlynn,Regenhardt,cregenhardta9@qq.com,Female,198.251.239.245,3/17/1975
371,Casi,Amoore,camooreaa@1und1.de,Female,66.221.182.98,5/17/1968
372,Spence,Senechell,ssenechellab@berkeley.edu,Male,140.73.14.242,2/17/1980
373,Lea,Crosby,lcrosbyac@youku.com,Female,119.136.85.5,5/30/1974
374,Ewen,Mitchelson,emitchelsonad@shinystat.com,Male,81.154.30.183,7/1/1994
375,Marie-ann,Yanuk,myanukae@merriam-webster.com,Female,40.39.120.190,12/9/1989
376,Meier,Farry,mfarryaf@stanford.edu,Male,156.9.191.174,9/1/1989
377,Shayne,Stansfield,sstansfieldag@ed.gov,Male,42.167.131.5,7/17/1987
378,Mose,Woodus,mwoodusah@infoseek.co.jp,Male,92.206.142.215,7/22/1969
379,Luise,Bollini,lbolliniai@tmall.com,Female,151.212.14.178,3/3/1990
380,Frederica,Noods,fnoodsaj@bravesites.com,Female,31.119.42.208,6/17/1976
381,Buddy,Lefeuvre,blefeuvreak@amazon.de,Male,226.14.185.201,9/16/1974
382,Avigdor,Sturman,asturmanal@hexun.com,Male,194.39.28.180,9/20/1977
383,Kirsti,Offner,koffneram@mlb.com,Female,173.241.176.100,12/7/1979
384,Judie,Wildish,jwildishan@freewebs.com,Female,113.114.32.66,6/15/1991
385,Anthea,Schutter,aschutterao@digg.com,Female,93.78.164.242,8/18/1994
386,Max,McPike,mmcpikeap@csmonitor.com,Female,206.254.248.16,8/9/1992
387,Donny,Oliffe,doliffeaq@tinyurl.com,Male,239.196.236.161,3/31/1969
388,Hans,Conkling,hconklingar@fda.gov,,186.29.88.63,1/21/1983
389,Brien,Statersfield,bstatersfieldas@microsoft.com,Male,96.133.93.134,10/3/1978
390,Morna,Scutter,mscutterat@ask.com,Female,244.94.237.163,7/6/1988
391,Anny,McLaughlin,amclaughlinau@omniture.com,Female,28.120.95.96,1/14/1982
392,Killie,Caveill,kcaveillav@blogs.com,Male,32.157.85.138,2/26/1969
393,Ave,Eastbrook,aeastbrookaw@so-net.ne.jp,Male,167.89.40.211,9/13/1989
394,Row,Bere,rbereax@nature.com,,59.126.28.1,2/15/1973
395,Lea,Stanlike,lstanlikeay@techcrunch.com,Female,244.59.92.135,10/28/1967
396,Georgia,Moncur,gmoncuraz@amazon.com,Female,11.71.72.25,12/18/1980
397,Parnell,Darrington,pdarringtonb0@sun.com,Male,236.150.34.105,10/4/1968
398,Gerhardt,O' Molan,gomolanb1@ycombinator.com,Male,221.103.96.95,7/29/1984
399,Louisette,Sixsmith,lsixsmithb2@berkeley.edu,Female,162.176.100.38,4/14/1971
400,Skye,Kightly,skightlyb3@springer.com,Male,80.21.104.254,1/2/1989
401,Parnell,Ilchenko,pilchenkob4@walmart.com,Male,136.146.205.177,7/3/1988
402,Lisbeth,Boatright,lboatrightb5@sbwire.com,Female,86.141.106.96,5/29/1970
403,Kamila,Deedes,kdeedesb6@sphinn.com,Female,108.56.56.254,10/31/1976
404,Dolorita,Devenish,ddevenishb7@oaic.gov.au,Female,220.87.145.81,7/13/1968
405,Reg,Wanley,rwanleyb8@1688.com,Male,201.149.127.30,9/1/1992
406,Gilemette,Irving,girvingb9@elegantthemes.com,Female,97.246.223.169,12/14/1988
407,Caryn,Alfonsetto,calfonsettoba@wufoo.com,,240.254.204.141,9/18/1974
408,Malcolm,Badsworth,mbadsworthbb@virginia.edu,Male,28.218.81.218,9/5/1976
409,Avictor,Berwick,aberwickbc@blogger.com,Male,46.74.41.39,10/7/1982
410,Jolee,Trobe,jtrobebd@eventbrite.com,Female,58.232.201.22,
411,Melisse,Langthorn,mlangthornbe@theguardian.com,Female,129.221.159.167,12/15/1970
412,Solomon,Gavaran,sgavaranbf@php.net,Male,5.179.178.62,1/12/1978
413,Cordelie,Shelvey,cshelveybg@unblog.fr,Female,115.100.160.69,5/26/1974
414,Phillida,Gleed,pgleedbh@businesswire.com,Female,225.197.60.231,5/14/1979
415,Saundra,Heinemann,sheinemannbi@amazon.de,Male,45.122.243.174,11/11/1981
416,Zak,Harbar,zharbarbj@berkeley.edu,Male,168.10.170.43,1/3/1983
417,Carlynn,Derrington,cderringtonbk@blog.com,Female,164.48.104.44,3/10/1974
418,Sim,Eberle,seberlebl@marriott.com,,8.110.90.106,2/19/1988
419,Bran,Conyer,bconyerbm@sohu.com,Male,109.19.137.211,3/16/1973
420,Vivyanne,Dalwood,vdalwoodbn@yelp.com,Female,40.196.177.255,3/26/1972
421,Shayne,Tucsell,stucsellbo@auda.org.au,Male,243.225.73.59,5/3/1980
422,Merrily,Norwood,mnorwoodbp@bizjournals.com,,180.37.235.32,3/8/1979
423,Joete,Franssen,jfranssenbq@ameblo.jp,Female,205.235.34.161,3/23/1994
424,Emmerich,Vasyukhichev,evasyukhichevbr@joomla.org,Male,6.81.50.162,8/5/1976
425,Sinclair,Gilleson,sgillesonbs@indiatimes.com,Male,159.133.245.173,2/28/1988
426,Ambrose,Beetlestone,abeetlestonebt@bizjournals.com,Male,254.28.129.100,5/5/1977
427,Elyse,Olliff,eolliffbu@xrea.com,Female,215.14.119.159,12/15/1983
428,Obadiah,Buie,obuiebv@reddit.com,Male,124.10.198.153,3/26/1970
429,Marj,Braiden,mbraidenbw@apple.com,Female,9.74.224.108,2/11/1986
430,Elisa,Somersett,esomersettbx@prweb.com,Female,73.126.171.251,3/17/1988
431,Sumner,Lucian,slucianby@eepurl.com,Male,243.66.163.142,3/3/1986
432,Sybila,Stibbs,sstibbsbz@ifeng.com,Female,103.187.178.221,11/6/1983
433,May,Honnicott,mhonnicottc0@kickstarter.com,Female,138.100.128.17,1/20/1982
434,Wait,Layton,wlaytonc1@behance.net,Male,241.41.93.110,9/16/1990
435,Zacherie,Edwardes,zedwardesc2@jiathis.com,Male,46.156.166.62,9/4/1972
436,Hal,McKyrrelly,hmckyrrellyc3@google.com.br,Male,41.135.50.205,9/17/1974
437,Kev,Joffe,kjoffec4@howstuffworks.com,Male,73.81.218.34,7/8/1977
438,Augusta,Lambe,alambec5@wikispaces.com,Female,33.55.224.55,4/4/1988
439,Florrie,Rasper,frasperc6@yale.edu,Female,177.125.22.43,7/30/1978
440,Fredelia,Kerwin,fkerwinc7@wufoo.com,Female,157.225.76.74,6/9/1985
441,Francis,Handrek,fhandrekc8@about.me,Male,7.28.100.42,3/21/1992
442,Mortimer,Gallear,mgallearc9@msu.edu,Male,171.71.95.9,3/13/1988
443,Archibaldo,Robun,arobunca@nifty.com,Male,215.139.62.67,3/24/1977
444,Kearney,Gaynesford,kgaynesfordcb@lycos.com,Male,84.15.30.129,3/3/1986
445,Hamil,Lovejoy,hlovejoycc@washington.edu,Male,21.177.47.219,11/10/1976
446,Teena,Mourant,tmourantcd@163.com,Female,159.138.93.158,5/31/1992
447,Athena,Senecaut,asenecautce@nps.gov,Female,164.149.6.71,1/16/1969
448,Erastus,Yelland,eyellandcf@si.edu,Male,213.174.62.175,2/21/1972
449,Meta,Casswell,mcasswellcg@reference.com,Female,244.54.85.63,5/17/1988
450,Cody,Lucock,clucockch@miibeian.gov.cn,Male,174.138.123.187,8/16/1984
451,Melony,Seavers,mseaversci@example.com,Female,39.241.22.238,12/3/1977
452,Kissee,Hallen,khallencj@taobao.com,Female,59.248.210.137,4/23/1985
453,Janos,Ternent,jternentck@microsoft.com,Male,38.142.141.58,10/25/1992
454,Jewel,Carlick,jcarlickcl@spiegel.de,Female,93.215.192.67,9/22/1990
455,Charlean,Fevier,cfeviercm@eventbrite.com,Female,90.13.193.124,10/27/1990
456,Madelle,Allard,mallardcn@nsw.gov.au,Female,106.25.247.135,2/6/1970
457,Huntley,Boughtflower,hboughtflowerco@feedburner.com,Male,133.129.9.134,3/23/1984
458,Jacquelyn,Emmins,jemminscp@europa.eu,Female,195.225.90.65,
459,Iver,Urpeth,iurpethcq@reference.com,Male,19.173.215.248,4/24/1969
460,Barbie,Hospital,bhospitalcr@gizmodo.com,Female,18.188.78.3,1/2/1994
461,Keelby,Galloway,kgallowaycs@oracle.com,Male,157.203.109.91,1/25/1985
462,Sheila,Wehner,swehnerct@meetup.com,Female,174.231.139.93,3/8/1978
463,Bette-ann,Phalp,bphalpcu@lulu.com,Female,119.169.105.26,4/6/1990
464,Mathias,Kilius,mkiliuscv@techcrunch.com,,197.77.50.205,11/28/1979
465,Barn,Corse,bcorsecw@istockphoto.com,Male,38.244.98.250,6/24/1991
466,Mamie,Ciccottio,mciccottiocx@imageshack.us,Female,131.19.197.49,1/17/1973
467,Ethelbert,Regardsoe,eregardsoecy@simplemachines.org,Male,211.55.179.222,5/12/1980
468,Linell,Darwen,ldarwencz@symantec.com,Female,56.137.218.168,7/21/1981
469,Mathian,Pawlett,mpawlettd0@nationalgeographic.com,Male,222.139.27.62,5/22/1971
470,Hector,Twelves,htwelvesd1@slate.com,Male,163.124.163.100,5/29/1971
471,Trixy,Cropper,tcropperd2@bbb.org,Female,128.230.239.13,10/23/1988
472,Donica,Grayson,dgraysond3@histats.com,Female,141.240.210.70,8/8/1981
473,Broddie,Hitschke,bhitschked4@nhs.uk,Male,140.53.165.247,10/12/1988
474,Hussein,Doylend,hdoylendd5@digg.com,Male,214.118.61.95,11/20/1986
475,Alta,Besset,abessetd6@bing.com,Female,123.196.54.208,5/13/1967
476,Myriam,Jecock,mjecockd7@ifeng.com,Female,215.67.106.67,7/16/1974
477,Howie,Woodroffe,hwoodroffed8@nsw.gov.au,Male,48.144.43.206,10/25/1971
478,Myrna,Pentycost,mpentycostd9@tripod.com,Female,201.172.141.139,4/15/1984
479,Rhody,Mawer,rmawerda@sun.com,Female,105.161.25.58,6/18/1987
480,Gretel,Bamforth,gbamforthdb@histats.com,Female,24.209.72.33,4/24/1972
481,Alexandr,Velde,aveldedc@bravesites.com,Male,49.110.194.194,8/24/1983
482,Sky,Weeden,sweedendd@wikia.com,Male,255.174.236.151,5/15/1977
483,Johnna,Taborre,jtaborrede@cbc.ca,Female,187.98.66.248,5/12/1974
484,Joann,McCullum,jmccullumdf@wix.com,Female,218.106.2.162,5/20/1992
485,Cosme,Slaney,cslaneydg@free.fr,Male,171.41.250.63,2/6/1985
486,Augie,Rumke,arumkedh@naver.com,Male,187.222.14.234,8/29/1971
487,Brent,Kitchingman,bkitchingmandi@goo.ne.jp,Male,29.69.252.2,8/18/1976
488,Kenton,Tallquist,ktallquistdj@omniture.com,Male,150.14.195.212,6/19/1986
489,Jaynell,Gawith,jgawithdk@techcrunch.com,Female,161.161.159.133,5/5/1969
490,Donna,Orae,doraedl@google.co.jp,Female,173.231.46.11,2/15/1969
491,Hesther,Curnnokk,hcurnnokkdm@hc360.com,Female,36.123.216.68,1/5/1976
492,Sephira,Rook,srookdn@themeforest.net,Female,106.10.213.71,9/30/1982
493,Petr,Lyburn,plyburndo@walmart.com,Male,80.35.103.170,3/5/1977
494,Nathanil,Peirone,npeironedp@ocn.ne.jp,Male,190.106.150.101,4/30/1986
495,Midge,Dank,mdankdq@newyorker.com,Female,117.164.194.99,11/28/1984
496,Hanni,Sparham,hsparhamdr@google.ru,Female,119.155.205.187,12/9/1978
497,Ilise,Tourle,itourleds@addthis.com,Female,78.129.244.47,6/1/1969
498,Alyda,Chat,achatdt@fema.gov,Female,168.193.138.111,9/14/1975
499,Durante,Tonry,dtonrydu@arstechnica.com,Male,150.148.120.218,3/10/1969
500,Bartholomeus,Ravenhills,bravenhillsdv@nps.gov,Male,221.13.209.85,7/13/1988
501,Tonnie,Kevlin,tkevlindw@paypal.com,Male,195.170.63.251,1/18/1977
502,Viviyan,Chastan,vchastandx@instagram.com,Female,185.163.4.219,4/27/1980
503,Aguie,Hightown,ahightowndy@mozilla.com,Male,159.249.82.6,5/9/1971
504,Celestine,Rennicks,crennicksdz@themeforest.net,Female,246.45.144.210,5/11/1993
505,Valle,Shirer,vshirere0@edublogs.org,Male,233.116.43.249,5/2/1979
506,William,Fass,wfasse1@furl.net,Male,161.182.177.139,
507,Wallis,Collett,wcollette2@independent.co.uk,Female,37.77.98.224,11/24/1967
508,Ediva,Jovic,ejovice3@reference.com,Female,35.141.112.175,1/7/1971
509,Nick,Ovington,novingtone4@studiopress.com,Male,117.70.206.163,11/17/1987
510,Catlee,Scotland,cscotlande5@ucoz.ru,Female,238.102.204.116,
511,Sargent,Perrycost,sperrycoste6@pagesperso-orange.fr,Male,225.45.149.37,9/5/1977
512,Adelice,Cooksley,acooksleye7@time.com,Female,231.70.92.8,10/10/1968
513,Edlin,Arnald,earnalde8@slashdot.org,Male,6.133.41.197,8/29/1979
514,Zacharie,Bache,zbachee9@altervista.org,Male,105.244.243.142,10/5/1985
515,Hedy,Lathy,hlathyea@newyorker.com,,96.74.0.15,
516,Dominica,Showers,dshowerseb@zdnet.com,Female,0.157.131.247,10/14/1982
517,Rina,Saladino,rsaladinoec@flickr.com,Female,113.157.138.167,9/9/1973
518,Nancy,Forrest,nforrested@howstuffworks.com,Female,236.156.221.175,6/26/1980
519,Nester,Napoli,nnapoliee@digg.com,,247.226.99.103,9/7/1983
520,Bobbie,Gerrelts,bgerreltsef@angelfire.com,,24.94.17.228,3/14/1977
521,Celestyn,Copnar,ccopnareg@flavors.me,Female,213.176.230.167,5/29/1978
522,Frants,Manners,fmannerseh@godaddy.com,Male,144.170.250.95,7/7/1981
523,Bond,Francecione,bfrancecioneei@skype.com,Male,7.198.83.154,7/23/1988
524,Noel,Butters,nbuttersej@shareasale.com,Female,105.228.77.244,7/27/1970
525,Mallory,Arias,mariasek@digg.com,Male,50.241.76.137,12/12/1989
526,Shem,Janoschek,sjanoschekel@newyorker.com,Male,117.35.206.97,9/18/1969
527,Keely,Waterson,kwatersonem@imgur.com,Female,127.89.77.174,10/28/1989
528,Jess,Heister,jheisteren@wp.com,Male,39.64.184.28,5/31/1990
529,Felic,Matzeitis,fmatzeitiseo@imageshack.us,Male,225.179.244.198,11/19/1973
530,Rock,Rider,rriderep@state.gov,Male,30.22.81.205,1/11/1984
531,Drusie,Izzard,dizzardeq@bizjournals.com,Female,127.214.166.184,5/24/1988
532,Crista,McPolin,cmcpoliner@devhub.com,Female,217.48.53.101,10/19/1994
533,Orelie,Manueau,omanueaues@abc.net.au,Female,29.81.27.59,12/3/1968
534,Seymour,Erley,serleyet@epa.gov,Male,218.99.225.117,6/9/1974
535,Mechelle,Pedler,mpedlereu@themeforest.net,Female,255.246.36.133,11/7/1973
536,Aylmar,Daveridge,adaveridgeev@cam.ac.uk,,78.194.206.35,8/27/1980
537,Kinny,Ginley,kginleyew@shareasale.com,Male,176.59.166.79,5/28/1977
538,Dave,Skiplorne,dskiplorneex@github.io,Male,178.100.172.41,12/11/1987
539,Lincoln,Aitkin,laitkiney@trellian.com,Male,227.185.100.157,5/24/1989
540,Martyn,Wherrett,mwherrettez@usgs.gov,Male,75.189.184.13,10/25/1974
541,Gale,Occleshaw,goccleshawf0@drupal.org,Female,219.105.106.224,3/17/1977
542,Millie,Taffurelli,mtaffurellif1@about.me,Female,36.61.254.209,5/31/1994
543,Dian,Breinl,dbreinlf2@ifeng.com,Female,127.164.14.88,6/11/1968
544,Alameda,Cudiff,acudifff3@nationalgeographic.com,Female,130.129.205.169,3/22/1985
545,Lise,Hinckesman,lhinckesmanf4@bluehost.com,Female,246.38.117.59,5/31/1991
546,Nadean,Melan,nmelanf5@so-net.ne.jp,Female,150.86.228.96,10/13/1973
547,Bella,Peek,bpeekf6@upenn.edu,Female,29.14.76.154,7/27/1985
548,Dimitry,Bretland,dbretlandf7@un.org,Male,164.150.95.176,2/23/1988
549,Pietrek,Marre,pmarref8@last.fm,Male,164.133.90.52,1/6/1991
550,Kipper,Whyborn,kwhybornf9@surveymonkey.com,Male,41.223.22.131,1/31/1991
551,Llywellyn,Spanswick,lspanswickfa@foxnews.com,Male,255.133.226.16,9/30/1994
552,Barr,Mottinelli,bmottinellifb@stanford.edu,Male,211.19.206.144,5/22/1975
553,Camila,Butterley,cbutterleyfc@nba.com,Female,206.203.87.136,1/13/1971
554,Tammi,Gjerde,tgjerdefd@japanpost.jp,Female,188.182.32.63,6/18/1993
555,Sarge,Connikie,sconnikiefe@businesswire.com,Male,123.189.190.26,11/18/1992
556,Melony,Forre,mforreff@guardian.co.uk,Female,18.125.127.19,10/9/1991
557,Rabi,Matuszkiewicz,rmatuszkiewiczfg@t-online.de,Male,255.99.192.32,8/27/1987
558,Jermaine,Yeend,jyeendfh@smugmug.com,Female,36.113.233.72,3/23/1987
559,Darrin,Ingman,dingmanfi@foxnews.com,Male,188.49.35.62,12/24/1984
560,Inessa,Heighton,iheightonfj@nature.com,Female,56.239.208.21,3/24/1976
561,Bill,Van Der Weedenburg,bvanderweedenburgfk@wired.com,Male,65.173.41.61,5/25/1992
562,Wolf,Baynom,wbaynomfl@artisteer.com,Male,8.43.20.33,6/12/1977
563,Mariel,Genicke,mgenickefm@yale.edu,Female,190.148.56.119,1/22/1973
564,Adlai,Tompkins,atompkinsfn@auda.org.au,Male,19.55.87.173,1/23/1970
565,Adrian,Arsey,aarseyfo@desdev.cn,Male,43.232.154.169,10/1/1993
566,Jaimie,Lockless,jlocklessfp@wordpress.org,Female,102.125.80.57,8/29/1982
567,Alwyn,O'Duane,aoduanefq@privacy.gov.au,Male,154.235.32.76,4/13/1977
568,Inigo,Adamowitz,iadamowitzfr@walmart.com,Male,185.45.122.15,9/5/1989
569,Solomon,Casa,scasafs@pinterest.com,Male,188.26.161.167,9/19/1980
570,Rosene,Abbado,rabbadoft@utexas.edu,Female,201.10.173.252,4/7/1968
571,Shana,Fontell,sfontellfu@sina.com.cn,Female,56.182.181.119,7/6/1967
572,Esmeralda,Caccavella,ecaccavellafv@virginia.edu,Female,90.39.125.178,3/18/1976
573,Marius,Eger,megerfw@cnet.com,Male,247.130.236.17,6/6/1981
574,Tomi,Spennock,tspennockfx@smh.com.au,Female,106.254.115.180,4/3/1987
575,Lesli,McAsgill,lmcasgillfy@woothemes.com,Female,243.236.164.12,11/1/1989
576,Bertie,Geraud,bgeraudfz@deliciousdays.com,Female,121.59.82.143,8/19/1969
577,Edvard,Cosbee,ecosbeeg0@elpais.com,Male,82.67.208.97,3/23/1981
578,Pammi,Donson,pdonsong1@simplemachines.org,Female,54.35.100.214,7/3/1981
579,Linell,Deners,ldenersg2@hubpages.com,Female,170.71.129.205,7/13/1989
580,Drugi,Readshall,dreadshallg3@lulu.com,Male,187.130.37.204,7/21/1975
581,Georgiana,De Francisci,gdefranciscig4@digg.com,Female,134.111.239.49,10/22/1975
582,Kyle,Lackey,klackeyg5@cpanel.net,Female,142.221.243.128,12/17/1992
583,Morris,Stein,msteing6@google.com.hk,Male,215.183.116.206,2/15/1992
584,Alicia,Kither,akitherg7@t.co,Female,204.245.24.175,5/31/1967
585,Hamilton,Pitkeathley,hpitkeathleyg8@illinois.edu,Male,86.159.206.9,9/9/1994
586,Sargent,De Micoli,sdemicolig9@jugem.jp,Male,62.42.91.251,7/7/1981
587,Jen,Gorgen,jgorgenga@prweb.com,Female,173.109.176.3,3/13/1986
588,Boone,Dumbell,bdumbellgb@aol.com,Male,66.95.93.244,12/18/1974
589,Claude,Rate,crategc@opensource.org,Female,4.53.106.40,10/25/1969
590,Stan,Culley,sculleygd@twitter.com,Male,207.92.37.236,1/28/1985
591,Hazel,Barwick,hbarwickge@dyndns.org,Male,145.13.122.1,1/30/1984
592,Gordon,Budnik,gbudnikgf@mayoclinic.com,Male,249.21.149.20,10/30/1982
593,Freeland,Chieze,fchiezegg@weibo.com,Male,221.73.253.183,9/3/1987
594,Thalia,Povele,tpovelegh@sogou.com,Female,16.164.183.57,3/29/1968
595,Kelli,Dupree,kdupreegi@intel.com,Female,93.24.204.195,8/18/1970
596,Minor,Soppeth,msoppethgj@goo.ne.jp,Male,165.82.176.54,9/4/1972
597,Tammara,Elcott,telcottgk@tripadvisor.com,Female,27.161.219.136,3/8/1979
598,Jacqueline,Greenalf,jgreenalfgl@weibo.com,Female,252.210.150.13,
599,Silvester,Zeal,szealgm@seesaa.net,Male,223.89.210.74,2/28/1983
600,Arabella,Vogt,avogtgn@liveinternet.ru,Female,240.140.204.51,2/11/1980
601,Margaretta,Gosney,mgosneygo@people.com.cn,Female,175.232.115.109,1/29/1990
602,Duky,Endricci,dendriccigp@feedburner.com,Male,192.41.145.24,2/4/1972
603,Paxon,Rown,prowngq@webeden.co.uk,Male,1.13.169.168,1/2/1987
604,Zak,Dowle,zdowlegr@wikimedia.org,Male,219.176.139.81,5/25/1975
605,Gustaf,Howman,ghowmangs@123-reg.co.uk,Male,197.92.33.117,1/25/1971
606,Dot,Castiglione,dcastiglionegt@weebly.com,Female,0.92.147.14,8/13/1967
607,Shanda,Swigg,sswigggu@house.gov,Female,238.46.220.215,2/21/1986
608,Eddy,Strete,estretegv@blog.com,Male,120.73.238.5,1/2/1978
609,Skelly,Morrill,smorrillgw@illinois.edu,Male,41.174.10.118,9/3/1991
610,Margery,Dickenson,mdickensongx@yellowpages.com,Female,172.19.199.102,3/31/1982
611,Don,Gittose,dgittosegy@pinterest.com,Male,13.167.186.142,4/5/1967
612,Merle,Pleager,mpleagergz@networkadvertising.org,Male,171.120.71.138,4/23/1973
613,Culley,Castelow,ccastelowh0@sina.com.cn,Male,112.173.209.41,11/18/1980
614,Jarvis,Carradice,jcarradiceh1@pagesperso-orange.fr,Male,98.211.175.4,2/1/1973
615,Prinz,Ribbens,pribbensh2@google.it,Male,160.114.48.248,9/25/1979
616,Dana,Ussher,dussherh3@latimes.com,Male,72.78.110.41,12/30/1971
617,Crista,Descroix,cdescroixh4@home.pl,Female,13.63.89.124,7/1/1973
618,Gilbertine,Neaverson,gneaversonh5@over-blog.com,Female,130.199.83.82,5/3/1994
619,Gelya,Dupoy,gdupoyh6@theguardian.com,Female,91.245.250.171,10/3/1991
620,Carina,Ferrarin,cferrarinh7@ft.com,Female,35.112.117.37,
621,Marena,O'Gormley,mogormleyh8@prweb.com,Female,128.236.168.225,8/3/1994
622,Kareem,Taw,ktawh9@ovh.net,Male,182.240.55.13,1/24/1978
623,Sherline,Donaway,sdonawayha@msu.edu,Female,184.173.160.177,8/1/1984
624,Dennet,Putterill,dputterillhb@yale.edu,Male,251.12.114.155,8/17/1985
625,Melita,Ellaman,mellamanhc@shop-pro.jp,Female,225.137.129.74,5/21/1983
626,Sherman,Knappitt,sknappitthd@dell.com,Male,64.163.21.169,3/7/1977
627,Vic,Oxburgh,voxburghhe@sourceforge.net,Male,188.205.213.67,1/18/1987
628,Odelinda,Blaiklock,oblaiklockhf@tmall.com,Female,74.177.19.169,10/30/1985
629,Octavia,Waszczykowski,owaszczykowskihg@posterous.com,Female,226.83.113.227,10/5/1973
630,Randi,Smail,rsmailhh@dropbox.com,Male,156.253.30.6,1/21/1970
631,Dorothea,Dunstone,ddunstonehi@phpbb.com,Female,148.222.129.233,8/12/1985
632,Virgie,Jendrassik,vjendrassikhj@cyberchimps.com,Male,192.100.44.105,8/4/1987
633,Otis,Bownes,obowneshk@apache.org,Male,203.1.93.47,3/2/1981
634,Olenolin,Willows,owillowshl@yandex.ru,Male,102.221.76.99,5/5/1991
635,Torrin,Wilderspoon,twilderspoonhm@facebook.com,Male,43.225.176.113,2/19/1986
636,Malachi,Pickston,mpickstonhn@printfriendly.com,Male,112.164.189.223,4/26/1967
637,Tome,Andreasen,tandreasenho@jugem.jp,Male,231.235.220.50,11/10/1987
638,Avril,Checchi,achecchihp@ameblo.jp,Female,106.254.109.96,3/29/1975
639,Isaac,Vater,ivaterhq@hc360.com,Male,10.234.186.153,8/17/1983
640,Noland,Greeson,ngreesonhr@go.com,Male,175.158.177.153,8/6/1980
641,Edouard,Borrel,eborrelhs@google.co.uk,Male,9.250.226.161,6/22/1975
642,Gray,Rountree,grountreeht@wikipedia.org,Female,211.57.120.164,5/2/1967
643,Hattie,Latter,hlatterhu@github.io,Female,21.92.66.222,6/3/1968
644,Colan,Barbey,cbarbeyhv@drupal.org,Male,107.5.27.72,5/21/1993
645,Belvia,Gobbet,bgobbethw@narod.ru,Female,153.93.50.195,6/12/1975
646,Miles,Bearsmore,mbearsmorehx@domainmarket.com,Male,157.54.208.190,8/11/1981
647,Kim,Wardrop,kwardrophy@google.it,Female,191.23.200.100,1/24/1987
648,Valentino,Balassi,vbalassihz@boston.com,Male,202.222.68.87,5/17/1974
649,Erena,Greed,egreedi0@chronoengine.com,Female,54.83.81.47,5/10/1987
650,Riccardo,Hamlyn,rhamlyni1@apache.org,Male,66.1.48.29,7/30/1989
651,Bernhard,Wixey,bwixeyi2@people.com.cn,Male,80.169.138.122,
652,Christoffer,Pordal,cpordali3@sphinn.com,Male,33.251.165.65,11/15/1974
653,Abran,Giscken,agisckeni4@columbia.edu,Male,229.232.56.228,7/19/1985
654,Alano,Stratz,astratzi5@examiner.com,Male,53.179.10.110,11/5/1968
655,Brigit,Sowerby,bsowerbyi6@ask.com,,44.214.55.86,10/26/1969
656,Maxie,Bonar,mbonari7@gmpg.org,Male,147.25.170.48,1/17/1984
657,Gwenora,Chasmoor,gchasmoori8@pcworld.com,Female,44.182.154.168,7/23/1982
658,Kristofor,Masden,kmasdeni9@opera.com,Male,254.118.173.173,9/18/1993
659,Elladine,Blanche,eblancheia@mysql.com,Female,126.243.191.189,1/5/1976
660,Corry,Preedy,cpreedyib@ed.gov,Female,187.103.221.78,10/27/1975
661,Saba,Minshall,sminshallic@deliciousdays.com,Female,55.76.37.221,10/22/1973
662,Yale,Bendig,ybendigid@bing.com,Male,231.71.113.228,4/2/1977
663,Reid,Rodolfi,rrodolfiie@cocolog-nifty.com,Male,145.16.37.197,11/23/1978
664,Deirdre,Cotsford,dcotsfordif@omniture.com,Female,45.204.142.210,1/4/1988
665,Helen,McAvaddy,hmcavaddyig@ifeng.com,Female,174.214.207.82,6/13/1986
666,Erich,Cominetti,ecominettiih@omniture.com,Male,204.46.250.128,6/7/1992
667,Clarance,Huton,chutonii@whitehouse.gov,Male,2.71.239.133,10/20/1987
668,Ursulina,Stannis,ustannisij@icq.com,Female,241.106.29.140,3/8/1969
669,Samara,Struther,sstrutherik@github.com,Female,42.226.188.80,2/2/1983
670,Katherine,Mapowder,kmapowderil@yelp.com,Female,176.167.182.76,11/16/1984
671,Helenka,Bittany,hbittanyim@php.net,Female,112.125.24.79,2/10/1980
672,Ab,Pevreal,apevrealin@webs.com,Male,125.250.206.148,10/13/1967
673,Whitney,Elloit,welloitio@reuters.com,Male,125.126.90.241,6/21/1975
674,Dorisa,Camings,dcamingsip@sfgate.com,Female,74.244.20.2,8/25/1976
675,Bail,See,bseeiq@apple.com,Male,139.46.127.243,9/26/1992
676,Peder,Grenkov,pgrenkovir@istockphoto.com,Male,42.201.4.134,9/8/1993
677,Rolph,Crichley,rcrichleyis@hc360.com,Male,172.8.57.193,
678,Obed,Bertlin,obertlinit@google.com.hk,Male,9.124.234.160,12/13/1991
679,Efren,Cyples,ecyplesiu@simplemachines.org,Male,42.208.119.145,11/6/1971
680,Arvie,Benger,abengeriv@facebook.com,Male,193.119.8.209,3/30/1979
681,Dallis,Weeks,dweeksiw@blogspot.com,Male,246.0.38.7,2/5/1984
682,Jsandye,Turneaux,jturneauxix@fema.gov,Female,134.161.123.226,7/16/1971
683,Brooke,Beneix,bbeneixiy@alexa.com,Male,249.215.206.76,8/30/1993
684,Gar,Yoakley,gyoakleyiz@vinaora.com,Male,130.137.252.253,7/30/1969
685,Lorena,Aloshechkin,laloshechkinj0@unicef.org,Female,197.200.134.79,1/22/1978
686,Lovell,Allewell,lallewellj1@yolasite.com,,174.205.116.183,9/11/1979
687,Blisse,Southwood,bsouthwoodj2@networkadvertising.org,Female,95.63.158.116,8/1/1968
688,Gloriana,Bate,gbatej3@sciencedaily.com,Female,129.122.249.254,6/11/1972
689,Shelley,Ogdahl,sogdahlj4@so-net.ne.jp,Male,98.21.221.104,8/8/1987
690,Lorne,Eleshenar,leleshenarj5@hubpages.com,Male,222.182.92.230,8/25/1976
691,Tanitansy,Hebdon,thebdonj6@time.com,Female,0.85.42.158,5/31/1987
692,Filia,Carroll,fcarrollj7@topsy.com,Female,215.100.31.44,12/14/1981
693,Dacia,Balshen,dbalshenj8@uol.com.br,Female,122.30.114.77,1/6/1986
694,Isabel,Cordell,icordellj9@harvard.edu,Female,46.186.181.152,2/11/1977
695,Gaston,Potkins,gpotkinsja@nbcnews.com,Male,237.156.39.175,4/9/1983
696,Suzy,Rought,sroughtjb@shareasale.com,Female,154.32.5.126,1/21/1984
697,Norby,Stogill,nstogilljc@a8.net,Male,87.252.106.29,3/3/1994
698,Devland,Gimeno,dgimenojd@unblog.fr,Male,45.82.0.3,9/25/1991
699,Sydelle,Bodicum,sbodicumje@japanpost.jp,Female,248.220.140.69,1/16/1993
700,Mabelle,Boow,mboowjf@tinyurl.com,Female,179.253.64.4,2/19/1973
701,Louisa,Fiddeman,lfiddemanjg@phpbb.com,Female,146.96.111.10,5/18/1982
702,Rosina,Gronaller,rgronallerjh@creativecommons.org,Female,67.14.10.169,5/29/1977
703,Corny,West-Frimley,cwestfrimleyji@flavors.me,Male,184.233.123.183,5/13/1975
704,Nanette,Ivantyev,nivantyevjj@mozilla.com,Female,43.120.69.17,3/10/1975
705,Griselda,Knutsen,gknutsenjk@mozilla.com,Female,199.55.50.72,11/3/1967
706,Titos,Posselt,tposseltjl@youtu.be,Male,131.204.151.84,7/31/1973
707,Tamarra,Mayho,tmayhojm@comsenz.com,Female,148.84.59.2,2/2/1975
708,Frankie,Woollam,fwoollamjn@cdc.gov,Female,87.238.23.222,7/23/1983
709,Abba,Burgum,aburgumjo@linkedin.com,Male,212.236.198.84,6/15/1989
710,Edward,Teeney,eteeneyjp@51.la,Male,137.50.196.228,8/27/1982
711,Carleton,Cockill,ccockilljq@phpbb.com,Male,40.230.139.50,5/29/1968
712,Theodor,Merrington,tmerringtonjr@latimes.com,Male,54.123.204.140,4/1/1993
713,Neilla,Maultby,nmaultbyjs@usnews.com,Female,1.204.226.171,8/9/1978
714,Winthrop,Hambleton,whambletonjt@cbslocal.com,Male,90.118.114.126,10/13/1977
715,Carrissa,Rosencwaig,crosencwaigju@angelfire.com,Female,213.142.43.181,12/14/1978
716,Minny,Bulter,mbulterjv@gnu.org,Female,212.85.251.155,10/13/1985
717,Louie,Caulfield,lcaulfieldjw@gmpg.org,Male,95.131.127.163,7/17/1988
718,Leroy,Pavel,lpaveljx@china.com.cn,Male,120.23.196.0,12/12/1984
719,Trev,Klehyn,tklehynjy@techcrunch.com,Male,252.245.71.46,1/5/1982
720,Nonna,Splevins,nsplevinsjz@tuttocitta.it,Female,202.167.97.92,10/19/1969
721,Gates,Gabits,ggabitsk0@nyu.edu,Female,180.32.178.219,6/2/1972
722,Julia,Senecaux,jsenecauxk1@cbsnews.com,Female,215.43.254.197,6/6/1985
723,Ernestine,Stoyles,estoylesk2@narod.ru,Female,225.216.170.143,7/1/1970
724,Penny,Joy,pjoyk3@addtoany.com,Male,74.85.223.180,11/24/1986
725,Constantine,Bubb,cbubbk4@soundcloud.com,Male,120.145.191.24,1/2/1992
726,Garrick,Birkin,gbirkink5@unc.edu,Male,53.78.188.176,1/5/1971
727,Brewster,Hrus,bhrusk6@dailymotion.com,Male,199.247.208.44,2/1/1974
728,Odilia,Wilkinson,owilkinsonk7@posterous.com,Female,128.251.195.8,8/31/1968
729,Dell,Siviter,dsiviterk8@opera.com,Male,249.49.72.245,12/30/1992
730,Eliot,De Hooge,edehoogek9@deviantart.com,Male,36.140.101.180,2/15/1988
731,Bruis,Balch,bbalchka@abc.net.au,Male,196.12.55.228,1/10/1982
732,Creighton,Eggins,cegginskb@ed.gov,Male,93.201.194.170,9/14/1991
733,Giacinta,Mifflin,gmifflinkc@list-manage.com,Female,46.183.196.169,8/28/1978
734,Emmit,Etridge,eetridgekd@nytimes.com,Male,104.34.98.231,8/10/1993
735,Blanche,Pinel,bpinelke@skyrock.com,Female,117.34.66.136,7/18/1991
736,Kane,Stoyles,kstoyleskf@mayoclinic.com,,215.57.96.77,8/30/1982
737,Brandi,Fennelow,bfennelowkg@sfgate.com,Female,51.187.241.67,12/4/1986
738,Monroe,Ibbett,mibbettkh@macromedia.com,Male,33.230.141.166,6/11/1977
739,Honor,Mallon,hmallonki@cornell.edu,Female,119.241.189.105,
740,Sammy,Well,swellkj@storify.com,Female,128.121.172.74,4/16/1994
741,Lezley,Reily,lreilykk@ning.com,Male,109.106.86.162,7/4/1993
742,Kimberly,Petcher,kpetcherkl@arizona.edu,Female,175.245.162.106,6/6/1988
743,Lee,Ianne,liannekm@bing.com,Male,233.251.123.135,9/25/1967
744,Raoul,Siggers,rsiggerskn@php.net,Male,40.171.146.183,9/27/1982
745,Skyler,Malcolmson,smalcolmsonko@msu.edu,Male,173.237.141.126,4/18/1981
746,Mill,Keets,mkeetskp@blogs.com,Male,127.230.75.218,4/25/1988
747,Lexis,Leteurtre,lleteurtrekq@gov.uk,Female,153.125.190.255,8/7/1982
748,Tomaso,Aishford,taishfordkr@rediff.com,Male,92.64.67.84,8/27/1992
749,Melony,Tansill,mtansillks@delicious.com,Female,56.84.247.235,12/26/1974
750,Jillian,Waight,jwaightkt@reuters.com,Female,177.211.131.35,11/23/1979
751,Glynnis,Burchatt,gburchattku@fda.gov,Female,128.145.253.7,8/15/1987
752,Skip,Pheazey,spheazeykv@instagram.com,Male,197.208.76.185,12/31/1973
753,Colet,Sauvan,csauvankw@wikipedia.org,Male,17.156.252.79,7/24/1994
754,Deny,Jekel,djekelkx@linkedin.com,Female,119.250.252.250,10/17/1993
755,Ivor,Ramsey,iramseyky@sun.com,Male,247.16.48.8,10/8/1992
756,Tedd,Feast,tfeastkz@ifeng.com,Male,225.161.69.1,6/30/1971
757,Jorgan,Blois,jbloisl0@desdev.cn,,116.70.198.224,
758,Rayner,Broddle,rbroddlel1@t.co,Male,18.8.178.180,3/6/1992
759,Violette,MacPhee,vmacpheel2@wiley.com,Female,99.105.52.69,1/11/1985
760,Indira,Trathan,itrathanl3@dailymail.co.uk,Female,128.148.93.47,9/9/1967
761,Sydney,Van Leijs,svanleijsl4@wiley.com,Female,30.186.1.97,11/1/1988
762,Matias,Rawstorn,mrawstornl5@jimdo.com,Male,210.176.228.114,4/23/1977
763,Leroi,MacDermand,lmacdermandl6@yale.edu,Male,215.46.65.42,6/22/1981
764,Elsbeth,Hardware,ehardwarel7@51.la,Female,123.135.243.155,4/10/1973
765,Ricky,Albutt,ralbuttl8@opensource.org,Female,148.122.13.98,11/28/1988
766,Claire,Featherbie,cfeatherbiel9@constantcontact.com,Male,103.56.198.52,9/21/1975
767,Dotty,Haggarty,dhaggartyla@epa.gov,Female,206.254.144.22,4/2/1984
768,Basilio,Kember,bkemberlb@parallels.com,Male,103.135.15.88,5/22/1981
769,Beverlee,Norgan,bnorganlc@weather.com,Female,194.74.171.5,1/18/1992
770,Tamar,Raffin,traffinld@upenn.edu,Female,249.94.230.58,5/11/1972
771,Pacorro,Gribbins,pgribbinsle@businessinsider.com,Male,173.220.191.214,8/20/1979
772,Marley,Burnhams,mburnhamslf@blogger.com,Female,201.69.109.171,7/16/1990
773,Charin,Ewestace,cewestacelg@umn.edu,,198.236.207.186,11/26/1979
774,Ogdan,Polini,opolinilh@about.me,Male,94.203.24.168,6/3/1976
775,Lynda,Vernau,lvernauli@yolasite.com,,117.182.104.248,12/20/1972
776,Riva,Brokenshaw,rbrokenshawlj@blinklist.com,Female,173.245.112.108,11/29/1984
777,Theresa,Bartolomeo,tbartolomeolk@senate.gov,Female,52.144.26.4,11/25/1971
778,Tomasina,Scimone,tscimonell@patch.com,Female,87.186.202.23,1/16/1980
779,Karee,Bedo,kbedolm@jiathis.com,Female,163.110.189.101,2/17/1973
780,Jessika,Issacoff,jissacoffln@washingtonpost.com,Female,126.32.248.217,1/20/1977
781,Tim,Pinsent,tpinsentlo@blogspot.com,Male,64.72.181.55,5/22/1983
782,Dori,Scrancher,dscrancherlp@si.edu,Female,140.80.223.102,10/25/1973
783,Vonnie,Patrick,vpatricklq@nhs.uk,Female,69.9.103.230,5/13/1972
784,Rodrigo,Traylen,rtraylenlr@nbcnews.com,Male,74.227.228.47,7/21/1967
785,Kerry,Brightie,kbrightiels@networkadvertising.org,,49.112.239.179,7/3/1984
786,Tove,Ivanishev,tivanishevlt@google.nl,Female,118.186.149.54,11/4/1974
787,Bren,Stocken,bstockenlu@accuweather.com,Female,192.67.117.179,2/12/1991
788,Lilas,Gounel,lgounellv@sphinn.com,Female,6.241.49.232,1/13/1975
789,Adara,Camelia,acamelialw@creativecommons.org,Female,83.148.8.81,5/16/1974
790,Orelee,O' Mara,oomaralx@exblog.jp,,190.147.170.210,10/11/1987
791,Halie,Stoeck,hstoeckly@sakura.ne.jp,Female,56.224.240.85,9/13/1993
792,Laurie,Dykas,ldykaslz@lycos.com,Female,168.59.3.38,8/20/1989
793,Wright,Boustred,wboustredm0@admin.ch,Male,151.97.184.122,10/21/1992
794,Rurik,Syrie,rsyriem1@redcross.org,Male,175.158.39.152,8/19/1979
795,Dorie,Sich,dsichm2@netscape.com,Female,124.212.16.41,9/4/1987
796,Jermaine,Bowle,jbowlem3@ifeng.com,Male,86.7.92.45,7/26/1986
797,Agneta,Allibon,aallibonm4@jigsy.com,Female,235.208.141.64,3/12/1974
798,Reggis,Pash,rpashm5@ustream.tv,Male,108.51.188.134,8/7/1988
799,Sydelle,Blooman,sbloomanm6@i2i.jp,Female,210.41.75.81,6/11/1992
800,Renault,Scarbarrow,rscarbarrowm7@google.com.au,Male,191.171.178.16,12/27/1985
801,Freddie,Colter,fcolterm8@about.com,Male,35.73.99.214,1/16/1972
802,Karole,Tweedle,ktweedlem9@slideshare.net,Female,52.182.91.229,1/22/1978
803,Lanny,Lobbe,llobbema@icio.us,Male,82.28.58.206,9/20/1991
804,Jedediah,Rickson,jricksonmb@paginegialle.it,Male,108.173.61.146,3/11/1974
805,Marta,Jurn,mjurnmc@china.com.cn,Female,135.99.203.165,4/27/1977
806,Beth,Connors,bconnorsmd@google.com.br,Female,195.150.51.36,10/25/1976
807,Anabel,Chapple,achappleme@mayoclinic.com,,2.243.142.243,3/24/1974
808,Phillida,Ferrario,pferrariomf@home.pl,Female,151.244.42.67,8/19/1989
809,Casper,Jeary,cjearymg@mit.edu,Male,119.154.89.186,11/13/1988
810,Karee,Radmore,kradmoremh@w3.org,Female,139.220.171.240,3/28/1983
811,Evelin,Osburn,eosburnmi@typepad.com,Male,212.85.115.19,7/9/1989
812,Zaneta,Vockins,zvockinsmj@buzzfeed.com,Female,162.239.213.118,10/6/1973
813,Torrin,Gruszka,tgruszkamk@lycos.com,Male,149.165.163.25,10/24/1971
814,Cristin,McGillicuddy,cmcgillicuddyml@merriam-webster.com,Female,59.9.184.137,
815,Zia,MacGeffen,zmacgeffenmm@reddit.com,Female,80.150.128.205,7/27/1982
816,Debor,Linnitt,dlinnittmn@sphinn.com,Female,206.181.230.167,8/19/1987
817,Rorke,Sher,rshermo@indiegogo.com,Male,11.5.188.207,
818,Dill,Kaming,dkamingmp@washingtonpost.com,Male,131.157.158.4,12/13/1975
819,Ambur,Bellsham,abellshammq@pagesperso-orange.fr,Female,249.230.212.21,7/10/1971
820,Mercy,Monkleigh,mmonkleighmr@google.ca,Female,89.201.42.238,8/8/1988
821,Natty,Patsall,npatsallms@msn.com,,53.186.113.147,3/23/1989
822,Ethyl,Filipponi,efilipponimt@vinaora.com,Female,22.101.79.252,
823,Olimpia,Bretherick,obretherickmu@jimdo.com,Female,114.25.10.229,11/22/1972
824,Rory,Roony,rroonymv@xing.com,Male,171.89.93.98,8/19/1977
825,Sterne,Tregidgo,stregidgomw@networkadvertising.org,Male,240.85.133.38,9/4/1982
826,Teddie,Loughead,tlougheadmx@patch.com,Female,133.250.156.150,9/27/1969
827,Nert,Rapo,nrapomy@virginia.edu,Female,13.21.35.98,1/19/1970
828,Emmett,Shawdforth,eshawdforthmz@bing.com,Male,62.109.126.187,11/18/1972
829,Jimmie,Melmore,jmelmoren0@issuu.com,Male,59.178.61.177,8/7/1988
830,Bern,Coolican,bcoolicann1@360.cn,Male,116.132.100.161,2/24/1976
831,Anneliese,Bothen,abothenn2@com.com,Female,99.171.181.161,10/13/1973
832,Wells,Aleksashin,waleksashinn3@addthis.com,Male,184.109.78.51,12/18/1979
833,Antonino,Vidler,avidlern4@ted.com,,148.83.196.26,6/16/1991
834,Torry,Attersoll,tattersolln5@redcross.org,Male,207.139.146.251,9/8/1989
835,Nil,Dumpleton,ndumpletonn6@purevolume.com,Male,15.71.238.138,1/2/1971
836,Merv,Albarez,malbarezn7@theglobeandmail.com,Male,108.41.243.76,6/21/1990
837,Tiebout,Cage,tcagen8@stanford.edu,Male,33.173.176.232,3/20/1987
838,Domini,Lergan,dlergann9@java.com,Female,17.197.190.112,11/30/1967
839,Isidoro,Longbottom,ilongbottomna@newyorker.com,Male,65.154.24.248,2/10/1990
840,Johnathon,Chesterton,jchestertonnb@wikia.com,Male,187.90.43.70,2/1/1992
841,Nahum,Dale,ndalenc@de.vu,Male,127.184.49.36,2/13/1994
842,Yasmeen,Griffitt,ygriffittnd@ifeng.com,Female,210.243.57.155,12/5/1970
843,Ingra,Cosgry,icosgryne@businesswire.com,Male,127.38.1.191,4/22/1973
844,Babara,Derobert,bderobertnf@bizjournals.com,Female,1.190.209.42,5/20/1993
845,Edithe,Orteu,eorteung@unc.edu,Female,240.6.8.207,5/22/1974
846,Arny,Maggi,amagginh@harvard.edu,Male,248.167.194.0,12/17/1981
847,Yule,Limmer,ylimmerni@nymag.com,Male,211.138.214.136,1/19/1989
848,Annabell,Frith,afrithnj@cdbaby.com,Female,62.153.69.128,10/4/1993
849,Asia,Wrennall,awrennallnk@gov.uk,Female,80.253.70.232,
850,Celene,Lambeth,clambethnl@google.ca,Female,254.118.233.183,9/15/1977
851,Hailey,Rutter,hrutternm@canalblog.com,Male,39.106.247.249,12/31/1967
852,Gussy,Tansly,gtanslynn@pinterest.com,Female,119.177.142.233,
853,Emelina,Lippitt,elippittno@csmonitor.com,Female,154.76.93.14,3/2/1976
854,Bellina,Crayker,bcraykernp@auda.org.au,Female,11.90.74.155,10/11/1990
855,Virgina,Godain,vgodainnq@amazon.com,Female,89.217.224.176,4/14/1993
856,Jerrie,Kohnert,jkohnertnr@printfriendly.com,Male,129.20.214.234,6/4/1982
857,Max,Ableson,mablesonns@disqus.com,Male,216.134.189.164,
858,Pat,Wheaton,pwheatonnt@ow.ly,Male,203.193.205.227,6/27/1970
859,Laural,Redholes,lredholesnu@photobucket.com,Female,253.208.25.64,10/10/1977
860,King,Reisin,kreisinnv@xing.com,Male,39.216.216.18,12/29/1983
861,Gabriella,Gianulli,ggianullinw@craigslist.org,Female,66.109.127.168,10/3/1972
862,Dyan,Hainsworth,dhainsworthnx@aboutads.info,Female,99.223.19.79,10/6/1993
863,Baldwin,Dine-Hart,bdinehartny@yellowbook.com,Male,179.100.242.201,1/24/1980
864,Niko,Colter,ncolternz@free.fr,Male,193.136.247.100,4/23/1987
865,Laureen,Gonsalo,lgonsaloo0@bloglovin.com,Female,245.157.74.178,1/11/1975
866,Ranique,Cicccitti,rcicccittio1@issuu.com,Female,1.172.58.9,6/6/1970
867,Gareth,Anscott,ganscotto2@trellian.com,Male,182.195.107.247,6/22/1968
868,Bird,Tomasello,btomaselloo3@g.co,Female,193.206.44.100,3/15/1967
869,Josi,Hollyer,jhollyero4@jimdo.com,Female,35.200.135.246,7/17/1982
870,Kinnie,Peckham,kpeckhamo5@vk.com,Male,144.219.27.76,4/8/1986
871,Morgun,Marthen,mmartheno6@home.pl,Male,247.131.186.51,5/18/1992
872,Jamey,Goode,jgoodeo7@go.com,Male,61.138.223.1,1/24/1980
873,Webb,Duddle,wduddleo8@hp.com,Male,243.12.83.73,8/18/1988
874,Dominique,Margrem,dmargremo9@accuweather.com,Male,94.136.253.103,
875,Archibaldo,Peterson,apetersonoa@patch.com,,249.78.48.9,3/31/1977
876,Ethelda,Graeme,egraemeob@trellian.com,Female,91.139.41.86,9/29/1972
877,Lucias,Pomphrett,lpomphrettoc@plala.or.jp,Male,205.178.247.35,12/22/1985
878,Aldin,Bottomer,abottomerod@t.co,Male,235.18.93.207,11/3/1973
879,Noah,Smales,nsmalesoe@virginia.edu,,74.1.123.182,10/4/1989
880,Woodie,Simnell,wsimnellof@hugedomains.com,Male,31.221.232.114,5/11/1969
881,Geri,Stener,gstenerog@topsy.com,Female,35.231.192.38,9/24/1970
882,Basia,Ca,bcaoh@dropbox.com,Female,177.198.241.22,11/19/1974
883,Rhianon,Danis,rdanisoi@telegraph.co.uk,Female,44.63.160.12,6/29/1992
884,Coletta,Attewell,cattewelloj@deviantart.com,Female,6.180.155.68,3/22/1982
885,Tobie,Meeus,tmeeusok@state.tx.us,Male,62.17.150.3,10/7/1977
886,Kerby,Burchatt,kburchattol@so-net.ne.jp,Male,55.43.191.169,3/13/1994
887,Willabella,Briiginshaw,wbriiginshawom@themeforest.net,Female,237.2.242.213,12/27/1967
888,Meggy,Leopold,mleopoldon@theatlantic.com,Female,207.113.49.111,5/6/1974
889,Brinn,Ishak,bishakoo@networkadvertising.org,Female,33.88.206.158,2/10/1978
890,Keeley,Pherps,kpherpsop@mac.com,Female,248.56.209.46,6/11/1988
891,Billye,Algy,balgyoq@nature.com,Female,243.131.211.220,7/2/1985
892,Delainey,Jerdon,djerdonor@plala.or.jp,Male,49.183.103.92,4/29/1974
893,Melisse,Cawcutt,mcawcuttos@cyberchimps.com,Female,164.196.64.68,8/19/1982
894,Palm,Heitz,pheitzot@biblegateway.com,Male,69.41.53.83,8/10/1984
895,Kin,Ingarfill,kingarfillou@networkadvertising.org,Male,140.34.1.212,5/21/1985
896,Emelita,Gartell,egartellov@nytimes.com,Female,220.76.0.255,5/14/1981
897,James,MacGeffen,jmacgeffenow@posterous.com,Male,246.50.128.74,7/19/1987
898,Mariquilla,Goacher,mgoacherox@dion.ne.jp,Female,251.20.119.218,12/26/1966
899,Karia,Vesque,kvesqueoy@dell.com,Female,226.243.24.220,2/15/1983
900,Sally,Shickle,sshickleoz@homestead.com,Female,185.146.59.206,
901,Benedikta,Vassman,bvassmanp0@ucoz.ru,Female,126.97.90.28,8/8/1980
902,Sutton,Simo,ssimop1@ask.com,Male,245.128.56.36,7/27/1992
903,Kalvin,Duxfield,kduxfieldp2@angelfire.com,Male,21.151.113.71,6/24/1983
904,Darci,Rembaud,drembaudp3@unblog.fr,,171.30.210.107,5/24/1993
905,Sholom,Larciere,slarcierep4@skype.com,Male,94.84.109.16,5/9/1975
906,Buiron,Frearson,bfrearsonp5@hubpages.com,Male,76.33.52.65,6/1/1971
907,Sande,Fasset,sfassetp6@about.me,Female,238.100.180.145,9/27/1979
908,Olly,Kenan,okenanp7@irs.gov,Female,93.83.182.226,3/16/1971
909,Derek,Riccardini,driccardinip8@addthis.com,Male,11.155.13.102,9/4/1987
910,Etan,Simonazzi,esimonazzip9@ocn.ne.jp,Male,246.56.75.215,10/8/1981
911,Cortie,Zoane,czoanepa@salon.com,,53.210.1.65,9/24/1970
912,Seamus,Wadhams,swadhamspb@yelp.com,Male,94.142.121.226,9/30/1976
913,Mechelle,Sommerfeld,msommerfeldpc@sakura.ne.jp,Female,13.95.163.14,1/17/1967
914,Cesare,Creaser,ccreaserpd@mozilla.org,Male,71.253.19.133,9/27/1988
915,Claude,Haeslier,chaeslierpe@yandex.ru,Female,13.154.6.228,3/5/1967
916,Lora,Goldup,lgolduppf@toplist.cz,Female,81.1.203.93,11/3/1978
917,Kitty,Binham,kbinhampg@dot.gov,Female,209.146.177.180,12/29/1973
918,Lilia,Creamer,lcreamerph@yellowbook.com,Female,243.144.165.193,8/31/1994
919,Putnam,Shovlin,pshovlinpi@usnews.com,,85.250.59.112,5/21/1991
920,Darleen,Jendrich,djendrichpj@ycombinator.com,Female,10.164.181.92,2/5/1994
921,Molli,Clara,mclarapk@harvard.edu,Female,10.231.141.152,6/6/1991
922,Joaquin,Draayer,jdraayerpl@nature.com,,66.187.213.25,8/11/1991
923,Lanie,Saiz,lsaizpm@about.com,Male,97.61.191.172,8/27/1978
924,Sharleen,Sabine,ssabinepn@spiegel.de,Female,98.187.116.70,10/8/1974
925,Josh,Kilpin,jkilpinpo@shutterfly.com,Male,153.104.124.6,2/21/1979
926,Bay,Hadgraft,bhadgraftpp@privacy.gov.au,Male,136.112.41.152,9/30/1967
927,Correna,Saunier,csaunierpq@google.pl,Female,109.250.213.105,6/3/1975
928,Hanson,Pods,hpodspr@economist.com,Male,11.127.104.143,7/21/1994
929,Kalina,Abazi,kabazips@youku.com,Female,161.85.160.196,3/10/1983
930,Vincents,Becerra,vbecerrapt@huffingtonpost.com,Male,202.38.176.28,11/30/1977
931,Jeremias,Hesse,jhessepu@yandex.ru,Male,197.240.242.31,2/12/1985
932,Eula,Josephy,ejosephypv@aboutads.info,Female,24.172.185.180,9/5/1974
933,Leanna,Abraham,labrahampw@edublogs.org,Female,44.253.243.31,
934,Pierette,Twomey,ptwomeypx@state.tx.us,Female,126.204.68.232,6/14/1972
935,Isaiah,Cleynman,icleynmanpy@digg.com,Male,199.132.14.38,
936,Greggory,Tangye,gtangyepz@archive.org,Male,79.46.4.4,4/23/1977
937,Cordy,Pimblott,cpimblottq0@joomla.org,Male,143.67.228.152,1/26/1986
938,Tyrus,Packington,tpackingtonq1@ebay.com,Male,12.216.136.57,9/9/1982
939,Almeta,Drewe,adreweq2@altervista.org,Female,146.46.156.219,4/25/1993
940,Charles,Mauser,cmauserq3@discovery.com,Male,103.105.128.37,10/26/1973
941,Christopher,Tinwell,ctinwellq4@freewebs.com,Male,211.118.15.53,5/30/1982
942,Carie,Leacy,cleacyq5@kickstarter.com,Female,178.250.87.66,10/5/1979
943,Kinna,Mullin,kmullinq6@nbcnews.com,Female,113.236.142.225,10/26/1978
944,Reese,Prendeville,rprendevilleq7@list-manage.com,Male,199.133.221.177,2/22/1972
945,Davidson,Sillars,dsillarsq8@posterous.com,Male,94.225.57.22,10/28/1979
946,Tatiana,Castagnone,tcastagnoneq9@imdb.com,Female,106.210.238.158,7/1/1987
947,Bartlett,Message,bmessageqa@clickbank.net,Male,69.152.36.232,4/10/1991
948,Quintilla,Aldis,qaldisqb@nasa.gov,,110.8.90.121,10/22/1969
949,Leta,Reubel,lreubelqc@google.pl,Female,99.41.89.28,9/15/1983
950,Spense,Rodrig,srodrigqd@netlog.com,Male,40.147.163.137,8/17/1977
951,Howey,Shimon,hshimonqe@tinyurl.com,Male,29.220.24.34,12/5/1971
952,Jennine,Loynes,jloynesqf@cam.ac.uk,Female,100.37.49.10,2/18/1972
953,Arney,Overland,aoverlandqg@purevolume.com,Male,189.44.111.48,9/29/1987
954,Catharine,Catlin,ccatlinqh@sakura.ne.jp,Female,3.205.235.253,8/18/1967
955,Cyrille,Van der Krui,cvanderkruiqi@xrea.com,Male,6.47.223.206,12/14/1982
956,Klement,Tollett,ktollettqj@pinterest.com,Male,116.118.115.166,10/3/1968
957,Cosme,Killick,ckillickqk@unicef.org,Male,192.164.45.248,9/2/1987
958,Eustacia,Bunting,ebuntingql@jimdo.com,Female,28.205.80.42,3/26/1982
959,Michele,Cinavas,mcinavasqm@acquirethisname.com,Male,229.208.13.208,11/20/1975
960,Dennie,Hewes,dhewesqn@sohu.com,Female,26.147.115.66,1/22/1990
961,Delia,Arlott,darlottqo@ezinearticles.com,Female,156.247.169.174,
962,Cheslie,Gilhool,cgilhoolqp@globo.com,Female,255.194.149.62,9/27/1980
963,Cornelle,Thieme,cthiemeqq@telegraph.co.uk,Female,10.9.60.178,7/8/1968
964,Stesha,Stone Fewings,sstonefewingsqr@google.co.jp,Female,240.72.8.117,8/5/1994
965,Mike,D'Agostino,mdagostinoqs@is.gd,Male,244.75.213.176,10/21/1984
966,Yalonda,McOnie,ymconieqt@blogspot.com,Female,162.207.187.43,
967,Ludovico,Staddart,lstaddartqu@sogou.com,Male,228.26.207.82,5/4/1982
968,Daune,Mattholie,dmattholieqv@oracle.com,Female,14.161.156.13,12/10/1991
969,Claire,Potteridge,cpotteridgeqw@themeforest.net,Male,108.172.76.108,5/31/1987
970,Christi,Ebbers,cebbersqx@digg.com,Female,239.192.195.77,10/11/1979
971,Gilberto,Lisimore,glisimoreqy@whitehouse.gov,Male,3.221.31.83,7/27/1979
972,Sorcha,Tillard,stillardqz@bravesites.com,Female,250.112.60.209,10/17/1978
973,Mitchael,Blaxley,mblaxleyr0@google.nl,Male,216.44.225.153,8/10/1975
974,Kerr,Oley,koleyr1@opensource.org,Male,246.234.208.160,3/9/1973
975,Eben,Relfe,erelfer2@nytimes.com,Male,165.11.106.6,8/27/1978
976,Leroy,Kellitt,lkellittr3@jimdo.com,Male,153.153.5.216,7/26/1994
977,Madalena,Mangan,mmanganr4@ezinearticles.com,Female,132.152.121.187,5/10/1987
978,Irene,Kermott,ikermottr5@ucoz.ru,Female,197.178.16.91,3/4/1968
979,Jodi,Brymham,jbrymhamr6@rakuten.co.jp,Male,84.248.124.87,4/25/1987
980,Jo,Luddy,jluddyr7@flavors.me,Male,104.221.70.115,10/11/1979
981,Agnella,Seivwright,aseivwrightr8@about.com,Female,230.172.189.102,8/17/1979
982,Maisey,Upwood,mupwoodr9@aboutads.info,Female,207.13.251.104,1/14/1986
983,Zacharie,Crilley,zcrilleyra@wisc.edu,Male,252.49.127.97,6/25/1991
984,Eduino,Elders,eeldersrb@yelp.com,Male,112.9.78.194,10/2/1982
985,Tann,Gogarty,tgogartyrc@bbb.org,Male,252.252.38.209,5/14/1986
986,Kennedy,Tweddell,ktweddellrd@nydailynews.com,Male,69.95.213.119,6/2/1968
987,Marylou,Sygrove,msygrovere@imageshack.us,Female,184.86.22.159,9/26/1971
988,Harp,Simon,hsimonrf@google.ru,Male,69.138.73.193,6/10/1978
989,Cheston,Conkie,cconkierg@seattletimes.com,Male,174.70.124.45,5/23/1994
990,Daffie,Drife,ddriferh@qq.com,Female,158.240.68.62,1/11/1972
991,Paulo,Rainon,prainonri@theglobeandmail.com,Male,221.79.93.98,7/29/1992
992,Corinne,Nobles,cnoblesrj@newyorker.com,Female,243.111.107.172,
993,Felic,Allender,fallenderrk@hc360.com,Male,218.10.100.203,5/6/1974
994,Syd,Neillans,sneillansrl@ustream.tv,Male,164.61.76.217,2/1/1983
995,Valencia,Wardel,vwardelrm@hc360.com,Female,93.232.181.61,12/30/1974
996,Anselm,Hardin,ahardinrn@admin.ch,Male,112.70.148.10,2/20/1992
997,Eldridge,Dellit,edellitro@google.de,Male,69.191.209.207,8/29/1987
998,Titus,Durtnel,tdurtnelrp@spotify.com,Male,33.236.122.46,2/14/1991
999,Skippy,Fend,sfendrq@taobao.com,Male,47.78.189.27,5/12/1978
1000,Rodney,Epine,repinerr@about.me,Male,222.187.227.116,9/21/1980
